Date,Time,open,high,low,close
2017-11-05,07:00:00,9.6,10.88,9.6,10.23
2017-11-06,07:00:00,10.12,10.22,9.9,9.91
2017-11-07,07:00:00,9.82,9.88,8.92,9.1
2017-11-08,07:00:00,9.0,9.39,8.95,9.17
2017-11-09,07:00:00,9.19,9.3,9.12,9.2
2017-11-12,07:00:00,9.19,9.2,9.0,9.03
2017-11-13,07:00:00,9.05,9.15,8.99,9.08
2017-11-14,07:00:00,9.09,9.13,9.0,9.03
2017-11-15,07:00:00,9.04,9.08,9.01,9.020001
2017-11-16,07:00:00,9.020001,9.05,8.8,8.93
2017-11-19,07:00:00,8.93,8.94,8.88,8.88
2017-11-20,07:00:00,8.88,8.9,8.8,8.8
2017-11-21,07:00:00,8.76,8.76,8.63,8.68
2017-11-22,07:00:00,8.69,8.85,8.69,8.770001
2017-11-23,07:00:00,8.8,8.8,8.72,8.78
2017-11-26,07:00:00,8.81,9.0,8.81,8.87
2017-11-27,07:00:00,8.86,8.87,8.75,8.78
2017-11-28,07:00:00,8.76,8.84,8.76,8.79
2017-11-29,07:00:00,8.81,9.08,8.81,9.05
2017-11-30,07:00:00,9.08,9.25,9.08,9.17
2017-12-03,07:00:00,9.2,9.22,9.15,9.19
2017-12-04,07:00:00,9.19,9.35,9.14,9.19
2017-12-05,07:00:00,9.15,9.18,9.07,9.1
2017-12-06,07:00:00,9.13,9.15,9.1,9.12
2017-12-07,07:00:00,9.11,9.15,9.06,9.12
2017-12-10,07:00:00,9.13,9.26,9.13,9.21
2017-12-11,07:00:00,9.22,9.22,9.13,9.16
2017-12-12,07:00:00,9.15,9.22,9.15,9.18
2017-12-13,07:00:00,9.15,9.18,9.11,9.13
2017-12-14,07:00:00,9.14,9.16,9.09,9.09
2017-12-17,07:00:00,9.09,9.12,9.06,9.08
2017-12-18,07:00:00,9.09,9.2,9.08,9.14
2017-12-19,07:00:00,9.14,9.17,9.1,9.1
2017-12-20,07:00:00,9.11,9.12,9.09,9.09
2017-12-21,07:00:00,9.08,9.13,9.08,9.1
2017-12-24,07:00:00,9.1,9.26,9.1,9.12
2017-12-25,07:00:00,9.16,9.5,9.16,9.3
2017-12-26,07:00:00,9.33,9.4,9.29,9.37
2017-12-27,07:00:00,9.4,9.4,9.3,9.32
2017-12-28,07:00:00,9.33,9.33,9.23,9.24
2017-12-31,07:00:00,9.25,9.25,9.18,9.24
2018-01-01,07:00:00,9.19,9.24,9.11,9.11
2018-01-02,07:00:00,9.12,9.18,9.06,9.08
2018-01-03,07:00:00,9.13,9.13,9.06,9.06
2018-01-04,07:00:00,9.08,9.15,9.06,9.12
2018-01-07,07:00:00,9.13,9.19,9.13,9.16
2018-01-08,07:00:00,9.18,9.18,9.06,9.07
2018-01-09,07:00:00,9.12,9.14,9.03,9.04
2018-01-10,07:00:00,9.05,9.05,9.03,9.03
2018-01-11,07:00:00,9.04,9.07,9.020001,9.05
2018-01-14,07:00:00,9.05,9.07,9.020001,9.05
2018-01-15,07:00:00,9.04,9.07,9.03,9.04
2018-01-16,07:00:00,9.08,9.08,9.03,9.03
2018-01-17,07:00:00,9.03,9.09,9.03,9.05
2018-01-18,07:00:00,9.03,9.04,8.99,9.0
2018-01-21,07:00:00,9.0,9.0,8.95,8.97
2018-01-22,07:00:00,8.99,8.99,8.95,8.95
2018-01-23,07:00:00,9.0,9.0,8.94,8.97
2018-01-24,07:00:00,8.99,8.99,8.91,8.93
2018-01-25,07:00:00,8.91,8.95,8.91,8.94
2018-01-28,07:00:00,8.93,8.97,8.91,8.93
2018-01-29,07:00:00,8.97,8.98,8.94,8.95
2018-01-30,07:00:00,8.94,8.98,8.93,8.97
2018-01-31,07:00:00,8.96,8.98,8.95,8.95
2018-02-01,07:00:00,8.96,8.97,8.95,8.96
2018-02-04,07:00:00,8.91,8.91,8.85,8.86
2018-02-05,07:00:00,8.84,8.85,8.82,8.83
2018-02-06,07:00:00,8.81,8.83,8.76,8.78
2018-02-07,07:00:00,8.8,8.81,8.74,8.74
2018-02-08,07:00:00,8.72,8.72,8.6,8.63
2018-02-11,07:00:00,8.6,8.62,8.58,8.59
2018-02-12,07:00:00,8.64,8.7,8.6,8.65
2018-02-13,07:00:00,8.72,8.82,8.68,8.73
2018-02-14,07:00:00,8.76,8.76,8.69,8.69
2018-02-15,07:00:00,8.72,8.73,8.69,8.7
2018-02-18,07:00:00,8.69,8.69,8.66,8.67
2018-02-19,07:00:00,8.67,8.68,8.67,8.67
2018-02-20,07:00:00,8.67,8.69,8.66,8.66
2018-02-21,07:00:00,8.66,8.67,8.65,8.67
2018-02-22,07:00:00,8.66,8.66,8.64,8.64
2018-02-25,07:00:00,8.69,8.69,8.63,8.63
2018-02-26,07:00:00,8.67,8.67,8.63,8.63
2018-02-27,07:00:00,8.63,8.63,8.61,8.61
2018-02-28,07:00:00,8.61,8.62,8.6,8.62
2018-03-01,07:00:00,8.59,8.61,8.58,8.59
2018-03-04,07:00:00,8.58,8.62,8.58,8.59
2018-03-05,07:00:00,8.57,8.6,8.56,8.57
2018-03-06,07:00:00,8.59,8.6,8.57,8.58
2018-03-07,07:00:00,8.58,8.59,8.58,8.59
2018-03-08,07:00:00,8.56,8.6,8.56,8.59
2018-03-11,07:00:00,8.59,8.59,8.49,8.51
2018-03-12,07:00:00,8.51,8.55,8.5,8.51
2018-03-13,07:00:00,8.54,8.54,8.5,8.520001
2018-03-14,07:00:00,8.48,8.53,8.48,8.5
2018-03-15,07:00:00,8.520001,8.520001,8.49,8.51
2018-03-18,07:00:00,8.520001,8.520001,8.47,8.48
2018-03-19,07:00:00,8.49,8.520001,8.49,8.5
2018-03-20,07:00:00,8.48,8.53,8.47,8.51
2018-03-21,07:00:00,8.51,8.520001,8.48,8.48
2018-03-22,07:00:00,8.48,8.5,8.44,8.47
2018-03-25,07:00:00,8.44,8.54,8.44,8.49
2018-03-26,07:00:00,8.5,8.5,8.4,8.42
2018-03-27,07:00:00,8.43,8.45,8.39,8.41
2018-03-28,07:00:00,8.42,8.44,8.39,8.41
2018-03-29,07:00:00,8.39,8.44,8.34,8.36
2018-04-01,07:00:00,8.35,8.35,8.32,8.33
2018-04-02,07:00:00,8.32,8.32,8.26,8.26
2018-04-03,07:00:00,8.22,8.24,8.2,8.2
2018-04-04,07:00:00,8.18,8.22,8.18,8.2
2018-04-05,07:00:00,8.2,8.25,8.2,8.24
2018-04-08,07:00:00,8.21,8.31,8.2,8.2
2018-04-09,07:00:00,8.21,8.29,8.2,8.26
2018-04-10,07:00:00,8.28,8.28,8.24,8.25
2018-04-11,07:00:00,8.23,8.23,8.14,8.16
2018-04-12,07:00:00,8.14,8.23,8.11,8.13
2018-04-15,07:00:00,8.17,8.17,8.13,8.16
2018-04-16,07:00:00,8.2,8.26,8.2,8.22
2018-04-17,07:00:00,8.26,8.26,8.22,8.23
2018-04-18,07:00:00,8.19,8.22,8.14,8.15
2018-04-19,07:00:00,8.21,8.23,8.16,8.19
2018-04-22,07:00:00,8.13,8.13,8.01,8.03
2018-04-23,07:00:00,8.04,8.05,8.020001,8.03
2018-04-24,07:00:00,8.04,8.04,7.99,7.99
2018-04-25,07:00:00,7.98,8.0,7.95,7.97
2018-04-26,07:00:00,7.99,8.13,7.99,8.06
2018-04-29,07:00:00,8.04,8.07,8.020001,8.07
2018-04-30,07:00:00,8.05,8.11,8.03,8.04
2018-05-01,07:00:00,8.04,8.04,8.0,8.03
2018-05-02,07:00:00,8.03,8.04,8.01,8.01
2018-05-03,07:00:00,8.03,8.06,8.0,8.04
2018-05-06,07:00:00,8.01,8.03,8.01,8.03
2018-05-07,07:00:00,8.05,8.06,8.01,8.04
2018-05-08,07:00:00,8.05,8.06,8.0,8.04
2018-05-09,07:00:00,8.03,8.04,8.01,8.020001
2018-05-10,07:00:00,8.01,8.03,8.01,8.020001
2018-05-13,07:00:00,8.020001,8.06,8.020001,8.05
2018-05-14,07:00:00,8.04,8.04,8.01,8.020001
2018-05-15,07:00:00,8.03,8.03,8.020001,8.03
2018-05-16,07:00:00,8.01,8.01,7.98,7.99
2018-05-17,07:00:00,7.99,8.0,7.99,7.99
2018-05-20,07:00:00,8.0,8.01,7.98,8.01
2018-05-21,07:00:00,8.01,8.03,7.99,8.03
2018-05-22,07:00:00,8.0,8.0,7.96,7.96
2018-05-23,07:00:00,7.96,7.96,7.94,7.96
2018-05-24,07:00:00,7.97,7.98,7.9,7.96
2018-05-27,07:00:00,7.97,7.97,7.94,7.94
2018-05-28,07:00:00,7.92,7.92,7.92,7.92
2018-05-29,07:00:00,7.92,7.93,7.9,7.9
2018-05-30,07:00:00,7.91,7.91,7.85,7.87
2018-05-31,07:00:00,7.85,7.9,7.85,7.87
2018-06-03,07:00:00,7.9,7.95,7.9,7.91
2018-06-04,07:00:00,7.89,7.94,7.89,7.94
2018-06-05,07:00:00,7.97,7.97,7.88,7.97
2018-06-06,07:00:00,7.96,7.96,7.91,7.96
2018-06-07,07:00:00,7.92,8.0,7.92,8.0
2018-06-10,07:00:00,8.0,8.03,8.0,8.03
2018-06-11,07:00:00,8.0,8.020001,8.0,8.020001
2018-06-12,07:00:00,8.04,8.05,8.04,8.04
2018-06-20,07:00:00,8.0,8.0,7.96,7.96
2018-06-21,07:00:00,7.98,7.98,7.98,7.98
2018-06-24,07:00:00,8.0,8.0,7.96,7.97
2018-06-25,07:00:00,7.97,8.03,7.97,7.98
2018-06-26,07:00:00,7.98,7.99,7.98,7.99
2018-06-27,07:00:00,8.0,8.020001,7.99,7.99
2018-06-28,07:00:00,7.97,8.0,7.97,8.0
2018-07-01,07:00:00,8.0,8.3,7.97,8.0
2018-07-02,07:00:00,8.05,8.05,7.99,8.01
2018-07-03,07:00:00,8.01,8.020001,8.01,8.01
2018-07-04,07:00:00,8.01,8.06,8.01,8.06
2018-07-05,07:00:00,8.08,8.08,8.01,8.01
2018-07-08,07:00:00,8.01,8.04,8.01,8.04
2018-07-09,07:00:00,8.07,8.08,8.04,8.04
2018-07-10,07:00:00,8.03,8.04,8.020001,8.03
2018-07-11,07:00:00,8.020001,8.06,8.0,8.0
2018-07-12,07:00:00,8.0,8.06,8.0,8.020001
2018-07-15,07:00:00,8.03,8.08,8.020001,8.08
2018-07-16,07:00:00,8.14,8.14,8.11,8.12
2018-07-17,07:00:00,8.08,8.11,8.05,8.08
2018-07-18,07:00:00,8.12,8.12,8.06,8.06
2018-07-19,07:00:00,8.05,8.12,8.05,8.07
2018-07-22,07:00:00,8.11,8.14,8.1,8.1
2018-07-23,07:00:00,7.85,7.96,7.85,7.95
2018-07-24,07:00:00,7.95,7.98,7.94,7.94
2018-07-25,07:00:00,7.92,7.97,7.92,7.97
2018-07-26,07:00:00,7.96,7.96,7.94,7.94
2018-07-29,07:00:00,7.94,7.94,7.91,7.91
2018-07-30,07:00:00,7.9,7.97,7.9,7.92
2018-07-31,07:00:00,7.97,7.99,7.96,7.98
2018-08-01,07:00:00,7.99,8.0,7.99,8.0
2018-08-02,07:00:00,8.0,8.01,8.0,8.01
2018-08-05,07:00:00,8.020001,8.04,8.0,8.0
2018-08-06,07:00:00,8.0,8.0,7.99,7.99
2018-08-07,07:00:00,8.01,8.020001,7.99,8.0
2018-08-08,07:00:00,8.0,8.0,7.97,7.99
2018-08-09,07:00:00,7.98,7.98,7.98,7.98
2018-08-12,07:00:00,7.99,8.0,7.89,7.9
2018-08-13,07:00:00,7.9,7.9,7.86,7.86
2018-08-14,07:00:00,7.92,7.93,7.86,7.91
2018-08-15,07:00:00,7.95,7.95,7.86,7.91
2018-08-16,07:00:00,7.94,8.04,7.94,8.03
2018-08-26,07:00:00,8.05,8.05,7.94,8.04
2018-08-27,07:00:00,8.0,8.0,7.98,8.0
2018-08-28,07:00:00,7.99,7.99,7.99,7.99
2018-08-29,07:00:00,7.97,8.11,7.97,7.99
2018-08-30,07:00:00,8.01,8.2,7.97,7.97
2018-09-02,07:00:00,8.0,8.06,7.98,8.01
2018-09-03,07:00:00,7.98,8.0,7.98,8.0
2018-09-04,07:00:00,7.98,8.04,7.98,8.0
2018-09-05,07:00:00,8.0,8.0,7.91,7.99
2018-09-06,07:00:00,7.86,8.0,7.86,8.0
2018-09-09,07:00:00,7.98,8.0,7.91,7.99
2018-09-10,07:00:00,7.94,8.0,7.94,7.94
2018-09-11,07:00:00,7.94,7.94,7.91,7.92
2018-09-12,07:00:00,7.99,8.0,7.92,7.92
2018-09-13,07:00:00,7.95,7.96,7.93,7.94
2018-09-16,07:00:00,7.96,7.96,7.94,7.94
2018-09-17,07:00:00,8.0,8.0,7.94,7.96
2018-09-18,07:00:00,7.95,7.98,7.92,7.94
2018-09-19,07:00:00,7.96,7.97,7.96,7.97
2018-09-20,07:00:00,7.96,7.97,7.95,7.97
2018-09-25,07:00:00,7.97,7.97,7.94,7.94
2018-09-26,07:00:00,7.98,7.98,7.96,7.96
2018-09-27,07:00:00,7.96,7.96,7.95,7.95
2018-09-30,07:00:00,7.99,7.99,7.93,7.94
2018-10-01,07:00:00,7.98,8.0,7.98,8.0
2018-10-02,07:00:00,8.0,8.0,7.98,7.98
2018-10-03,07:00:00,7.99,8.0,7.96,7.96
2018-10-04,07:00:00,7.99,8.0,7.95,7.95
2018-10-07,07:00:00,7.94,7.99,7.92,7.96
2018-10-08,07:00:00,7.95,7.95,7.94,7.95
2018-10-09,07:00:00,7.96,7.98,7.96,7.98
2018-10-10,07:00:00,8.020001,8.020001,7.98,7.98
2018-10-11,07:00:00,7.98,7.98,7.89,7.89
2018-10-14,07:00:00,7.88,7.88,7.75,7.77
2018-10-15,07:00:00,7.82,7.9,7.8,7.8
2018-10-16,07:00:00,7.75,7.88,7.7,7.85
2018-10-17,07:00:00,7.91,7.99,7.91,7.98
2018-10-18,07:00:00,7.98,8.01,7.97,8.0
2018-10-21,07:00:00,7.95,7.95,7.75,7.83
2018-10-22,07:00:00,7.75,7.78,7.7,7.7
2018-10-23,07:00:00,7.52,7.83,7.52,7.82
2018-10-24,07:00:00,7.8,7.88,7.8,7.8
2018-10-25,07:00:00,7.79,7.89,7.79,7.89
2018-10-28,07:00:00,7.89,7.94,7.89,7.92
2018-10-29,07:00:00,7.9,7.97,7.9,7.92
2018-10-30,07:00:00,7.91,7.95,7.89,7.94
2018-10-31,07:00:00,7.94,7.94,7.91,7.92
2018-11-01,07:00:00,7.95,7.95,7.91,7.92
2018-11-04,07:00:00,7.91,7.95,7.91,7.94
2018-11-05,07:00:00,7.91,8.12,7.91,8.03
2018-11-06,07:00:00,7.97,7.98,7.92,7.95
2018-11-07,07:00:00,7.95,7.99,7.95,7.97
2018-11-08,07:00:00,7.96,7.96,7.94,7.95
2018-11-11,07:00:00,7.96,7.97,7.92,7.96
2018-11-12,07:00:00,7.97,7.99,7.97,7.98
2018-11-13,07:00:00,7.98,8.0,7.9,8.0
2018-11-14,07:00:00,7.94,7.98,7.93,7.97
2018-11-15,07:00:00,7.96,8.0,7.96,7.99
2018-11-18,07:00:00,7.97,7.97,7.92,7.92
2018-11-19,07:00:00,7.94,8.01,7.94,7.97
2018-11-20,07:00:00,7.97,7.97,7.97,7.97
2018-11-21,07:00:00,7.97,8.0,7.97,8.0
2018-11-22,07:00:00,7.98,7.98,7.98,7.98
2018-11-25,07:00:00,7.97,7.97,7.97,7.97
2018-11-26,07:00:00,7.98,8.0,7.98,8.0
2018-11-27,07:00:00,8.0,8.01,8.0,8.0
2018-11-28,07:00:00,8.0,8.01,7.99,8.0
2018-11-29,07:00:00,8.0,8.0,8.0,8.0
2018-12-02,07:00:00,7.99,8.11,7.99,8.03
2018-12-03,07:00:00,8.0,8.2,8.0,8.08
2018-12-04,07:00:00,8.07,8.14,8.06,8.06
2018-12-05,07:00:00,8.05,8.05,8.03,8.03
2018-12-06,07:00:00,8.04,8.07,8.04,8.07
2018-12-09,07:00:00,8.11,8.11,8.08,8.08
2018-12-10,07:00:00,8.07,8.07,8.03,8.04
2018-12-11,07:00:00,8.04,8.06,8.04,8.05
2018-12-12,07:00:00,8.07,8.1,8.07,8.1
2018-12-13,07:00:00,8.12,8.14,8.12,8.14
2018-12-16,07:00:00,8.08,8.14,8.04,8.07
2018-12-17,07:00:00,8.12,8.12,8.12,8.12
2018-12-18,07:00:00,8.14,8.14,8.12,8.12
2018-12-19,07:00:00,8.15,8.16,8.1,8.15
2018-12-20,07:00:00,8.14,8.14,8.07,8.08
2018-12-23,07:00:00,8.03,8.09,8.01,8.08
2018-12-24,07:00:00,8.08,8.13,8.08,8.13
2018-12-25,07:00:00,8.1,8.13,8.0,8.13
2018-12-26,07:00:00,8.1,8.1,8.06,8.07
2018-12-27,07:00:00,8.12,8.15,8.12,8.15
2018-12-30,07:00:00,8.05,8.11,8.05,8.11
2018-12-31,07:00:00,8.11,8.13,8.11,8.13
2019-01-01,07:00:00,8.14,8.14,8.12,8.12
2019-01-02,07:00:00,8.12,8.13,8.12,8.13
2019-01-03,07:00:00,8.13,8.19,8.13,8.18
2019-01-06,07:00:00,8.18,8.2,8.18,8.19
2019-01-07,07:00:00,8.2,8.2,8.19,8.2
2019-01-08,07:00:00,8.19,8.19,8.11,8.15
2019-01-09,07:00:00,8.16,8.16,8.14,8.14
2019-01-10,07:00:00,8.14,8.18,8.1,8.18
2019-01-13,07:00:00,8.14,8.2,8.14,8.2
2019-01-14,07:00:00,8.17,8.18,8.17,8.18
2019-01-15,07:00:00,8.17,8.21,8.17,8.19
2019-01-16,07:00:00,8.21,8.21,8.16,8.21
2019-01-17,07:00:00,8.23,8.23,8.2,8.22
2019-01-20,07:00:00,8.23,8.25,8.2,8.24
2019-01-21,07:00:00,8.06,8.11,8.05,8.07
2019-01-22,07:00:00,8.06,8.07,8.04,8.04
2019-01-23,07:00:00,8.07,8.08,8.06,8.06
2019-01-24,07:00:00,8.09,8.11,8.08,8.08
2019-01-27,07:00:00,8.09,8.09,8.06,8.07
2019-01-28,07:00:00,8.07,8.07,8.04,8.07
2019-01-29,07:00:00,8.06,8.06,8.020001,8.020001
2019-01-30,07:00:00,8.04,8.09,8.03,8.09
2019-01-31,07:00:00,8.09,8.09,8.06,8.06
2019-02-03,07:00:00,8.09,8.1,8.05,8.05
2019-02-04,07:00:00,8.07,8.07,8.03,8.05
2019-02-05,07:00:00,8.04,8.04,8.04,8.04
2019-02-06,07:00:00,8.04,8.06,8.01,8.020001
2019-02-07,07:00:00,8.020001,8.020001,8.0,8.01
2019-02-10,07:00:00,8.01,8.01,8.0,8.0
2019-02-11,07:00:00,8.020001,8.03,8.0,8.020001
2019-02-12,07:00:00,8.020001,8.020001,8.0,8.01
2019-02-13,07:00:00,8.03,8.04,8.020001,8.020001
2019-02-14,07:00:00,8.020001,8.05,8.020001,8.05
2019-02-17,07:00:00,8.05,8.12,8.01,8.01
2019-02-18,07:00:00,8.08,8.08,8.04,8.07
2019-02-19,07:00:00,8.05,8.08,8.03,8.08
2019-02-20,07:00:00,8.07,8.07,8.07,8.07
2019-02-21,07:00:00,8.08,8.12,8.08,8.12
2019-02-24,07:00:00,8.12,8.12,8.1,8.1
2019-02-25,07:00:00,8.08,8.1,8.08,8.1
2019-02-26,07:00:00,8.08,8.11,8.01,8.11
2019-02-27,07:00:00,8.09,8.09,8.08,8.08
2019-02-28,07:00:00,8.08,8.08,8.04,8.06
2019-03-03,07:00:00,8.08,8.12,8.07,8.09
2019-03-04,07:00:00,8.19,8.19,8.07,8.07
2019-03-05,07:00:00,8.1,8.11,8.1,8.1
2019-03-06,07:00:00,8.07,8.14,8.07,8.14
2019-03-07,07:00:00,8.15,8.56,8.14,8.5
2019-03-10,07:00:00,8.4,8.45,8.25,8.32
2019-03-11,07:00:00,8.34,8.4,8.270001,8.28
2019-03-12,07:00:00,8.35,8.35,8.3,8.3
2019-03-13,07:00:00,8.26,8.3,8.22,8.25
2019-03-14,07:00:00,8.25,8.29,8.25,8.29
2019-03-17,07:00:00,8.3,8.3,8.29,8.3
2019-03-18,07:00:00,8.32,8.32,8.32,8.32
2019-03-19,07:00:00,8.32,8.33,8.26,8.31
2019-03-20,07:00:00,8.32,8.32,8.25,8.3
2019-03-21,07:00:00,8.3,8.3,8.3,8.3
2019-03-24,07:00:00,8.3,8.3,8.24,8.24
2019-03-25,07:00:00,8.25,8.26,8.22,8.23
2019-03-26,07:00:00,8.22,8.25,8.19,8.25
2019-03-27,07:00:00,8.2,8.26,8.15,8.26
2019-03-28,07:00:00,8.28,8.31,8.28,8.28
2019-03-31,07:00:00,8.26,8.3,8.26,8.26
2019-04-01,07:00:00,8.270001,8.3,8.22,8.23
2019-04-02,07:00:00,8.270001,8.36,8.270001,8.28
2019-04-03,07:00:00,8.270001,8.33,8.270001,8.32
2019-04-04,07:00:00,8.34,8.36,8.32,8.35
2019-04-07,07:00:00,8.36,8.36,8.32,8.34
2019-04-08,07:00:00,8.34,8.34,8.32,8.32
2019-04-09,07:00:00,8.32,8.34,8.32,8.34
2019-04-10,07:00:00,8.34,8.37,8.32,8.34
2019-04-11,07:00:00,8.35,8.39,8.35,8.38
2019-04-14,07:00:00,8.36,8.36,8.35,8.35
2019-04-15,07:00:00,8.39,8.39,8.35,8.35
2019-04-16,07:00:00,8.4,8.44,8.36,8.44
2019-04-17,07:00:00,8.44,8.44,8.4,8.44
2019-04-18,07:00:00,8.43,8.44,8.43,8.44
2019-04-21,07:00:00,8.43,8.43,8.38,8.38
2019-04-22,07:00:00,8.28,8.28,8.22,8.26
2019-04-23,07:00:00,8.23,8.26,8.22,8.26
2019-04-24,07:00:00,8.21,8.25,8.16,8.18
2019-04-25,07:00:00,8.17,8.2,8.15,8.15
2019-04-28,07:00:00,8.18,8.18,8.18,8.18
2019-04-29,07:00:00,8.18,8.2,8.18,8.2
2019-04-30,07:00:00,8.2,8.2,8.2,8.2
2019-05-01,07:00:00,8.2,8.24,8.2,8.24
2019-05-02,07:00:00,8.23,8.23,8.16,8.17
2019-05-05,07:00:00,8.18,8.2,8.18,8.2
2019-05-06,07:00:00,8.14,8.16,8.14,8.14
2019-05-07,07:00:00,8.16,8.16,8.15,8.15
2019-05-08,07:00:00,8.17,8.18,8.15,8.18
2019-05-09,07:00:00,8.19,8.24,8.19,8.24
2019-05-12,07:00:00,8.2,8.2,8.18,8.2
2019-05-13,07:00:00,8.17,8.2,8.14,8.2
2019-05-14,07:00:00,8.12,8.18,8.1,8.1
2019-05-15,07:00:00,8.15,8.15,8.15,8.15
2019-05-16,07:00:00,8.15,8.15,8.15,8.15
2019-05-19,07:00:00,8.18,8.19,8.1,8.1
2019-05-20,07:00:00,8.03,8.14,8.03,8.12
2019-05-21,07:00:00,8.17,8.19,8.17,8.19
2019-05-22,07:00:00,8.2,8.2,8.19,8.19
2019-05-23,07:00:00,8.19,8.19,8.19,8.19
2019-05-26,07:00:00,8.18,8.18,8.18,8.18
2019-05-27,07:00:00,8.17,8.18,8.1,8.1
2019-05-28,07:00:00,8.12,8.12,8.12,8.12
2019-05-29,07:00:00,8.16,8.16,8.16,8.16
2019-05-30,07:00:00,8.17,8.17,8.12,8.12
2019-06-09,07:00:00,8.18,8.2,8.18,8.2
2019-06-10,07:00:00,8.2,8.23,8.18,8.23
2019-06-11,07:00:00,8.29,8.32,8.29,8.32
2019-06-12,07:00:00,8.35,8.35,8.3,8.34
2019-06-13,07:00:00,8.34,8.35,8.34,8.34
2019-06-16,07:00:00,8.33,8.35,8.33,8.35
2019-06-17,07:00:00,8.35,8.35,8.34,8.34
2019-06-18,07:00:00,8.33,8.33,8.31,8.31
2019-06-19,07:00:00,8.3,8.35,8.3,8.35
2019-06-20,07:00:00,8.35,8.35,8.35,8.35
2019-06-23,07:00:00,8.35,8.39,8.32,8.38
2019-06-24,07:00:00,8.33,8.34,8.33,8.34
2019-06-25,07:00:00,8.35,8.44,8.35,8.43
2019-06-26,07:00:00,8.44,8.57,8.44,8.55
2019-06-27,07:00:00,8.55,8.7,8.53,8.57
2019-06-30,07:00:00,8.62,8.72,8.62,8.7
2019-07-01,07:00:00,8.75,8.76,8.66,8.69
2019-07-02,07:00:00,8.78,8.8,8.75,8.75
2019-07-03,07:00:00,8.71,8.75,8.7,8.7
2019-07-04,07:00:00,8.7,8.8,8.7,8.8
2019-07-07,07:00:00,8.89,8.9,8.8,8.85
2019-07-08,07:00:00,8.85,8.85,8.85,8.85
2019-07-09,07:00:00,8.89,8.92,8.86,8.92
2019-07-10,07:00:00,8.87,9.0,8.87,8.99
2019-07-11,07:00:00,8.92,8.92,8.88,8.9
2019-07-14,07:00:00,8.99,8.99,8.9,8.9
2019-07-15,07:00:00,8.96,8.99,8.91,8.94
2019-07-16,07:00:00,8.96,8.99,8.95,8.99
2019-07-17,07:00:00,8.99,8.99,8.95,8.98
2019-07-18,07:00:00,8.94,8.99,8.9,8.99
2019-07-21,07:00:00,8.83,8.83,8.51,8.7
2019-07-22,07:00:00,8.6,8.7,8.57,8.66
2019-07-23,07:00:00,8.65,8.65,8.5,8.51
2019-07-24,07:00:00,8.54,8.56,8.54,8.56
2019-07-25,07:00:00,8.68,8.7,8.68,8.7
2019-07-28,07:00:00,8.67,8.83,8.67,8.83
2019-07-29,07:00:00,8.8,8.8,8.8,8.8
2019-07-30,07:00:00,8.8,8.8,8.7,8.7
2019-07-31,07:00:00,8.75,8.75,8.71,8.74
2019-08-01,07:00:00,8.79,8.8,8.79,8.8
2019-08-04,07:00:00,8.82,8.82,8.770001,8.79
2019-08-05,07:00:00,8.8,8.8,8.55,8.56
2019-08-06,07:00:00,8.520001,8.65,8.51,8.65
2019-08-07,07:00:00,8.8,8.8,8.78,8.78
2019-08-08,07:00:00,8.79,8.8,8.79,8.79
2019-08-18,07:00:00,8.75,8.75,8.75,8.75
2019-08-19,07:00:00,8.75,8.75,8.73,8.73
2019-08-20,07:00:00,8.72,8.72,8.71,8.71
2019-08-21,07:00:00,8.8,8.81,8.79,8.8
2019-08-22,07:00:00,8.82,8.82,8.76,8.76
2019-08-25,07:00:00,8.7,8.770001,8.7,8.74
2019-08-26,07:00:00,8.72,8.74,8.72,8.74
2019-08-27,07:00:00,8.74,8.75,8.72,8.75
2019-08-28,07:00:00,8.7,8.78,8.7,8.78
2019-08-29,07:00:00,8.78,8.78,8.7,8.76
2019-09-01,07:00:00,8.79,8.79,8.71,8.75
2019-09-02,07:00:00,8.75,8.770001,8.75,8.770001
2019-09-03,07:00:00,8.770001,8.770001,8.770001,8.770001
2019-09-04,07:00:00,8.74,8.74,8.73,8.73
2019-09-05,07:00:00,8.770001,8.770001,8.770001,8.770001
2019-09-08,07:00:00,8.770001,8.770001,8.770001,8.770001
2019-09-09,07:00:00,8.75,8.79,8.75,8.79
2019-09-10,07:00:00,8.76,8.76,8.74,8.74
2019-09-11,07:00:00,8.74,8.74,8.71,8.73
2019-09-12,07:00:00,8.75,8.76,8.75,8.76
2019-09-15,07:00:00,8.7,8.7,8.67,8.67
2019-09-16,07:00:00,8.71,8.76,8.7,8.74
2019-09-17,07:00:00,8.74,8.75,8.74,8.75
2019-09-18,07:00:00,8.75,8.75,8.75,8.75
2019-09-19,07:00:00,8.75,8.92,8.7,8.89
2019-09-22,07:00:00,8.89,8.94,8.8,8.83
2019-09-24,07:00:00,8.81,8.81,8.79,8.8
2019-09-25,07:00:00,8.8,8.8,8.76,8.76
2019-09-26,07:00:00,8.78,8.79,8.78,8.78
2019-09-29,07:00:00,8.8,8.82,8.8,8.8
2019-09-30,07:00:00,8.81,8.81,8.79,8.8
2019-10-01,07:00:00,8.82,8.85,8.82,8.82
2019-10-02,07:00:00,8.83,8.85,8.82,8.85
2019-10-03,07:00:00,8.87,8.87,8.82,8.83
2019-10-06,07:00:00,8.85,8.9,8.85,8.89
2019-10-07,07:00:00,8.9,8.9,8.89,8.89
2019-10-08,07:00:00,8.88,8.9,8.85,8.88
2019-10-09,07:00:00,8.85,8.86,8.85,8.85
2019-10-10,07:00:00,8.85,8.92,8.84,8.89
2019-10-13,07:00:00,8.89,8.9,8.85,8.9
2019-10-14,07:00:00,8.9,8.9,8.9,8.9
2019-10-15,07:00:00,8.85,8.86,8.770001,8.86
2019-10-16,07:00:00,8.8,8.8,8.78,8.78
2019-10-17,07:00:00,8.86,8.89,8.86,8.87
2019-10-20,07:00:00,8.9,8.9,8.87,8.89
2019-10-21,07:00:00,8.8,8.85,8.75,8.770001
2019-10-22,07:00:00,8.76,8.770001,8.71,8.71
2019-10-23,07:00:00,8.73,8.8,8.73,8.8
2019-10-24,07:00:00,8.770001,8.770001,8.76,8.76
2019-10-27,07:00:00,8.7,8.79,8.7,8.79
2019-10-28,07:00:00,8.770001,8.770001,8.7,8.7
2019-10-29,07:00:00,8.72,8.72,8.6,8.65
2019-10-30,07:00:00,8.69,8.72,8.69,8.69
2019-10-31,07:00:00,8.67,8.76,8.65,8.76
2019-11-03,07:00:00,8.68,8.68,8.66,8.66
2019-11-04,07:00:00,8.66,8.66,8.66,8.66
2019-11-05,07:00:00,8.66,8.69,8.62,8.63
2019-11-06,07:00:00,8.67,8.68,8.63,8.68
2019-11-07,07:00:00,8.7,8.72,8.7,8.7
2019-11-10,07:00:00,8.71,8.73,8.71,8.73
2019-11-11,07:00:00,8.7,8.7,8.69,8.7
2019-11-12,07:00:00,8.7,8.71,8.65,8.65
2019-11-13,07:00:00,8.68,8.68,8.6,8.6
2019-11-14,07:00:00,8.6,8.6,8.5,8.55
2019-11-17,07:00:00,8.55,8.57,8.55,8.56
2019-11-18,07:00:00,8.55,8.62,8.55,8.57
2019-11-19,07:00:00,8.64,8.64,8.520001,8.6
2019-11-20,07:00:00,8.66,8.66,8.66,8.66
2019-11-21,07:00:00,8.66,8.67,8.65,8.66
2019-11-24,07:00:00,8.66,8.68,8.65,8.67
2019-11-25,07:00:00,8.68,8.7,8.67,8.67
2019-11-26,07:00:00,8.66,8.71,8.66,8.71
2019-11-27,07:00:00,8.7,8.7,8.7,8.7
2019-11-28,07:00:00,8.69,8.69,8.69,8.69
2019-12-01,07:00:00,8.7,8.7,8.7,8.7
2019-12-02,07:00:00,8.72,8.72,8.7,8.7
2019-12-03,07:00:00,8.7,8.74,8.7,8.71
2019-12-04,07:00:00,8.71,8.74,8.7,8.74
2019-12-05,07:00:00,8.71,8.76,8.71,8.76
2019-12-08,07:00:00,8.79,8.8,8.75,8.75
2019-12-09,07:00:00,8.74,8.76,8.73,8.76
2019-12-10,07:00:00,8.79,9.0,8.75,8.81
2019-12-11,07:00:00,8.81,8.85,8.8,8.8
2019-12-12,07:00:00,8.9,8.9,8.8,8.83
2019-12-15,07:00:00,8.9,8.9,8.87,8.87
2019-12-16,07:00:00,8.87,8.92,8.87,8.92
2019-12-17,07:00:00,8.94,8.99,8.94,8.99
2019-12-18,07:00:00,8.99,9.05,8.97,9.05
2019-12-19,07:00:00,9.06,9.2,9.05,9.2
2019-12-22,07:00:00,9.21,9.39,9.2,9.25
2019-12-23,07:00:00,9.4,9.89,9.4,9.65
2019-12-24,07:00:00,9.56,9.61,9.520001,9.6
2019-12-25,07:00:00,9.64,9.68,9.6,9.6
2019-12-26,07:00:00,9.6,9.71,9.41,9.66
2019-12-29,07:00:00,9.66,9.73,9.66,9.72
2019-12-30,07:00:00,9.73,9.8,9.71,9.8
2019-12-31,07:00:00,9.85,9.85,9.83,9.85
2020-01-01,07:00:00,9.85,9.9,9.85,9.9
2020-01-02,07:00:00,9.91,9.93,9.8,9.8
2020-01-05,07:00:00,9.5,9.76,9.5,9.69
2020-01-06,07:00:00,9.66,9.75,9.64,9.66
2020-01-07,07:00:00,9.78,9.78,9.7,9.7
2020-01-08,07:00:00,9.61,9.72,9.61,9.63
2020-01-09,07:00:00,9.65,9.74,9.65,9.71
2020-01-12,07:00:00,9.75,9.75,9.72,9.72
2020-01-13,07:00:00,9.770001,9.94,9.73,9.94
2020-01-14,07:00:00,10.0,10.0,9.9,9.9
2020-01-15,07:00:00,9.9,9.9,9.88,9.89
2020-01-16,07:00:00,9.93,9.99,9.85,9.9
2020-01-19,07:00:00,9.92,9.92,9.9,9.91
2020-01-20,07:00:00,9.95,9.98,9.94,9.97
2020-01-21,07:00:00,9.71,9.8,9.71,9.75
2020-01-22,07:00:00,9.73,9.8,9.69,9.8
2020-01-23,07:00:00,9.79,9.79,9.71,9.79
2020-01-26,07:00:00,9.78,9.78,9.65,9.67
2020-01-27,07:00:00,9.7,9.7,9.6,9.6
2020-01-28,07:00:00,9.5,9.69,9.5,9.69
2020-01-29,07:00:00,9.68,9.8,9.68,9.8
2020-01-30,07:00:00,9.8,9.83,9.74,9.8
2020-02-02,07:00:00,9.79,9.8,9.78,9.79
2020-02-03,07:00:00,9.76,9.8,9.76,9.8
2020-02-04,07:00:00,9.84,9.85,9.81,9.85
2020-02-05,07:00:00,9.81,9.83,9.81,9.83
2020-02-06,07:00:00,9.85,9.85,9.76,9.8
2020-02-09,07:00:00,9.79,9.84,9.75,9.84
2020-02-10,07:00:00,9.84,9.84,9.8,9.82
2020-02-11,07:00:00,9.78,9.78,9.78,9.78
2020-02-12,07:00:00,9.78,9.83,9.7,9.82
2020-02-13,07:00:00,9.8,9.85,9.76,9.84
2020-02-16,07:00:00,9.87,9.87,9.87,9.87
2020-02-17,07:00:00,9.82,9.91,9.82,9.91
2020-02-18,07:00:00,9.85,9.85,9.85,9.85
2020-02-19,07:00:00,9.85,9.88,9.83,9.83
2020-02-20,07:00:00,9.88,9.94,9.84,9.94
2020-02-23,07:00:00,9.82,9.88,9.82,9.88
2020-02-24,07:00:00,9.82,9.82,9.8,9.8
2020-02-25,07:00:00,9.8,9.86,9.61,9.86
2020-02-26,07:00:00,9.79,9.79,9.79,9.79
2020-02-27,07:00:00,9.770001,9.770001,9.65,9.68
2020-03-01,07:00:00,9.6,9.6,9.18,9.38
2020-03-02,07:00:00,9.32,9.74,9.32,9.69
2020-03-03,07:00:00,9.7,9.7,9.7,9.7
2020-03-04,07:00:00,9.8,9.82,9.78,9.82
2020-03-05,07:00:00,9.8,9.95,9.8,9.89
2020-03-08,07:00:00,9.7,9.7,9.0,9.45
2020-03-09,07:00:00,8.9,9.0,8.9,8.98
2020-03-10,07:00:00,8.99,9.270001,8.99,9.22
2020-03-11,07:00:00,9.35,9.4,9.28,9.28
2020-03-12,07:00:00,9.2,9.2,8.95,9.2
2020-03-15,07:00:00,9.0,9.05,8.91,8.95
2020-03-16,07:00:00,8.81,8.81,8.59,8.59
2020-03-17,07:00:00,8.5,8.6,8.5,8.54
2020-03-18,07:00:00,8.5,8.53,8.5,8.5
2020-03-19,07:00:00,8.5,8.68,8.5,8.68
2020-03-22,07:00:00,8.65,8.65,8.58,8.58
2020-03-23,07:00:00,8.57999992,8.57999992,8.0,8.0
2020-03-24,07:00:00,8.17,8.17,8.07,8.07
2020-03-25,07:00:00,8.4,8.4,8.1,8.1
2020-03-26,07:00:00,8.1,8.1,8.1,8.1
2020-03-29,07:00:00,8.11,8.21,8.1,8.14
2020-03-30,07:00:00,8.22,8.22,8.22,8.22
2020-03-31,07:00:00,8.22,8.37,8.22,8.37
2020-04-01,07:00:00,8.46,8.46,8.45,8.45
2020-04-02,07:00:00,8.5,8.58,8.5,8.58
2020-04-05,07:00:00,8.58,8.58,8.38,8.4
2020-04-06,07:00:00,8.44,8.44,8.44,8.44
2020-04-07,07:00:00,8.36,8.45,8.36,8.45
2020-04-08,07:00:00,8.35,8.35,8.19,8.19
2020-04-09,07:00:00,8.19,8.3,8.19,8.2
2020-04-12,07:00:00,8.15,8.2,8.15,8.2
2020-04-13,07:00:00,8.2,8.24,8.19,8.2
2020-04-14,07:00:00,8.2,8.2,8.2,8.2
2020-04-15,07:00:00,8.15,8.17,8.14,8.17
2020-04-16,07:00:00,8.15,8.15,8.15,8.15
2020-04-19,07:00:00,8.15,8.15,8.15,8.15
2020-04-20,07:00:00,8.15,8.15,8.15,8.15
2020-04-21,07:00:00,8.12,8.12,7.99,7.99
2020-04-22,07:00:00,7.99,7.99,7.99,7.99
2020-04-23,07:00:00,7.99,8.01,7.99,7.99
2020-04-26,07:00:00,8.22,8.58,8.12,8.58
2020-04-27,07:00:00,8.35,8.38,8.3,8.33
2020-04-28,07:00:00,8.25,8.25,8.25,8.25
2020-04-29,07:00:00,8.3,8.37,8.26,8.32
2020-04-30,07:00:00,8.38,8.39,8.35,8.35
2020-05-03,07:00:00,8.2,8.2,8.0,8.11
2020-05-04,07:00:00,8.09,8.1,8.09,8.09
2020-05-05,07:00:00,8.1,8.16,8.08,8.08
2020-05-06,07:00:00,8.2,8.2,8.14,8.16
2020-05-07,07:00:00,8.15,8.15,8.15,8.15
2020-05-10,07:00:00,8.18,8.2,8.18,8.2
2020-05-11,07:00:00,8.08,8.15,8.08,8.15
2020-05-12,07:00:00,8.1,8.1,8.08,8.08
2020-05-13,07:00:00,8.12,8.12,8.12,8.12
2020-05-14,07:00:00,8.11,8.11,7.99,8.0
2020-05-17,07:00:00,8.15,8.15,7.85,7.9
2020-05-18,07:00:00,7.9,7.9,7.9,7.9
2020-05-19,07:00:00,8.06,8.06,7.9,7.9
2020-05-20,07:00:00,7.9,7.9,7.84,7.84
2020-05-21,07:00:00,7.84,7.98,7.84,7.97
2020-05-31,07:00:00,8.16,8.18,8.15,8.15
2020-06-01,07:00:00,8.16,8.41,8.09,8.41
2020-06-02,07:00:00,8.46,8.46,8.08,8.09
2020-06-03,07:00:00,8.05,8.09,8.05,8.05
2020-06-04,07:00:00,8.020001,8.020001,7.86,7.88
2020-06-07,07:00:00,7.89,7.89,7.7,7.78
2020-06-08,07:00:00,7.8,7.83,7.79,7.81
2020-06-09,07:00:00,7.82,7.85,7.82,7.84
2020-06-10,07:00:00,7.87,7.88,7.85,7.86
2020-06-11,07:00:00,7.85,7.85,7.82,7.85
2020-06-14,07:00:00,7.92,7.92,7.92,7.92
2020-06-15,07:00:00,7.86,7.9,7.86,7.88
2020-06-16,07:00:00,7.9,7.92,7.9,7.9
2020-06-17,07:00:00,7.91,7.92,7.91,7.92
2020-06-18,07:00:00,7.92,7.96,7.92,7.94
2020-06-21,07:00:00,7.93,8.01,7.91,8.01
2020-06-22,07:00:00,8.01,8.06,8.01,8.05
2020-06-23,07:00:00,8.020001,8.05,8.020001,8.05
2020-06-24,07:00:00,8.05,8.05,8.0,8.0
2020-06-25,07:00:00,7.97,7.97,7.97,7.97
2020-06-28,07:00:00,8.0,8.07,8.0,8.0
2020-06-29,07:00:00,8.01,8.06,8.01,8.06
2020-06-30,07:00:00,8.020001,8.05,8.0,8.03
2020-07-01,07:00:00,8.1,8.1,8.03,8.07
2020-07-02,07:00:00,8.09,8.36,8.08,8.17
2020-07-05,07:00:00,8.29,8.3,8.24,8.3
2020-07-06,07:00:00,8.33,8.33,8.25,8.3
2020-07-07,07:00:00,8.24,8.43,8.24,8.38
2020-07-08,07:00:00,8.39,8.4,8.29,8.29
2020-07-09,07:00:00,8.36,8.37,8.32,8.32
2020-07-12,07:00:00,8.33,8.36,8.31,8.33
2020-07-13,07:00:00,8.35,8.35,8.3,8.33
2020-07-14,07:00:00,8.3,8.31,8.270001,8.28
2020-07-15,07:00:00,8.22,8.24,8.2,8.2
2020-07-16,07:00:00,8.2,8.22,8.17,8.17
2020-07-19,07:00:00,8.19,8.2,8.15,8.15
2020-07-20,07:00:00,8.17,8.2,8.1,8.1
2020-07-21,07:00:00,8.1,8.16,8.08,8.16
2020-07-22,07:00:00,8.13,8.13,8.1,8.12
2020-07-23,07:00:00,8.1,8.13,8.08,8.13
2020-07-26,07:00:00,8.11,8.16,8.11,8.16
2020-07-27,07:00:00,8.14,8.19,8.14,8.19
2020-07-28,07:00:00,8.22,8.22,8.19,8.2
2020-08-05,07:00:00,8.23,8.270001,8.21,8.24
2020-08-06,07:00:00,8.31,8.34,8.25,8.29
2020-08-09,07:00:00,8.28,8.31,8.28,8.31
2020-08-10,07:00:00,8.31,8.32,8.3,8.32
2020-08-11,07:00:00,8.34,8.4,8.34,8.36
2020-08-12,07:00:00,8.37,8.37,8.31,8.31
2020-08-13,07:00:00,8.31,8.36,8.31,8.35
2020-08-16,07:00:00,8.35,8.42,8.35,8.42
2020-08-17,07:00:00,8.45,8.47,8.4,8.4
2020-08-18,07:00:00,8.45,8.61,8.45,8.5
2020-08-19,07:00:00,8.5,8.5,8.5,8.5
2020-08-20,07:00:00,8.48,8.520001,8.48,8.5
2020-08-23,07:00:00,8.5,8.56,8.5,8.5
2020-08-24,07:00:00,8.48,8.520001,8.48,8.520001
2020-08-25,07:00:00,8.59,8.59,8.5,8.56
2020-08-26,07:00:00,8.56,8.56,8.53,8.56
2020-08-27,07:00:00,8.58,8.58,8.520001,8.53
2020-08-30,07:00:00,8.520001,8.54,8.5,8.53
2020-08-31,07:00:00,8.53,8.53,8.520001,8.53
2020-09-01,07:00:00,8.53,8.59,8.51,8.58
2020-09-02,07:00:00,8.85,8.85,8.62,8.67
2020-09-03,07:00:00,8.67,8.78,8.65,8.66
2020-09-06,07:00:00,8.62,8.67,8.62,8.67
2020-09-07,07:00:00,8.62,8.74,8.6,8.74
2020-09-08,07:00:00,8.7,8.79,8.7,8.73
2020-09-09,07:00:00,8.69,8.78,8.69,8.72
2020-09-10,07:00:00,8.69,8.8,8.68,8.74
2020-09-13,07:00:00,8.83,8.83,8.73,8.75
2020-09-14,07:00:00,8.76,8.79,8.75,8.79
2020-09-15,07:00:00,8.78,8.9,8.78,8.83
2020-09-16,07:00:00,8.85,8.98,8.84,8.93
2020-09-17,07:00:00,8.97,9.1,8.95,9.06
2020-09-20,07:00:00,9.07,9.15,9.07,9.13
2020-09-21,07:00:00,9.1,9.15,9.020001,9.03
2020-09-22,07:00:00,9.0,9.0,8.95,8.99
2020-09-24,07:00:00,8.9,9.0,8.9,9.0
2020-09-27,07:00:00,8.95,9.13,8.95,9.13
2020-09-28,07:00:00,9.15,9.15,9.12,9.13
2020-09-29,07:00:00,9.12,9.58,9.1,9.58
2020-09-30,07:00:00,9.57,10.3,9.56,9.92
2020-10-01,07:00:00,10.06,10.28,9.4,9.64
2020-10-04,07:00:00,9.7,9.8,9.4,9.4
2020-10-05,07:00:00,9.35,9.49,9.09,9.49
2020-10-06,07:00:00,9.49,9.59,9.3,9.46
2020-10-07,07:00:00,9.41,9.44,9.32,9.4
2020-10-08,07:00:00,9.39,9.4,9.3,9.4
2020-10-11,07:00:00,9.41,9.5,9.4,9.43
2020-10-12,07:00:00,9.45,9.45,9.3,9.31
2020-10-13,07:00:00,9.31,9.55,9.31,9.4
2020-10-14,07:00:00,9.39,9.39,9.3,9.31
2020-10-15,07:00:00,9.31,9.34,9.28,9.31
2020-10-18,07:00:00,9.31,9.6,9.2,9.53
2020-10-19,07:00:00,9.53,9.59,9.37,9.45
2020-10-20,07:00:00,9.3,9.3,9.11,9.18
2020-10-21,07:00:00,9.18,9.2,9.17,9.19
2020-10-22,07:00:00,9.18,9.18,9.01,9.08
2020-10-25,07:00:00,9.08,9.13,9.01,9.01
2020-10-26,07:00:00,9.0,9.0,8.8,8.85
2020-10-27,07:00:00,8.84,8.93,8.8,8.93
2020-10-28,07:00:00,8.93,8.96,8.86,8.86
2020-10-29,07:00:00,8.8,8.8,8.67,8.74
2020-11-01,07:00:00,8.61,8.66,8.61,8.66
2020-11-02,07:00:00,8.66,8.69,8.65,8.65
2020-11-03,07:00:00,8.63,8.7,8.55,8.59
2020-11-04,07:00:00,8.68,8.68,8.6,8.68
2020-11-05,07:00:00,8.64,8.66,8.61,8.62
2020-11-08,07:00:00,8.7,8.73,8.64,8.73
2020-11-09,07:00:00,8.74,8.9,8.72,8.85
2020-11-10,07:00:00,8.88,9.1,8.85,8.96
2020-11-11,07:00:00,8.93,8.95,8.85,8.93
2020-11-12,07:00:00,8.92,8.98,8.88,8.92
2020-11-15,07:00:00,8.91,8.93,8.89,8.92
2020-11-16,07:00:00,8.95,8.95,8.85,8.88
2020-11-17,07:00:00,8.93,8.95,8.92,8.95
2020-11-18,07:00:00,8.97,8.97,8.9,8.94
2020-11-19,07:00:00,8.86,8.93,8.86,8.91
2020-11-22,07:00:00,8.92,8.95,8.81,8.87
2020-11-23,07:00:00,8.87,8.92,8.81,8.92
2020-11-24,07:00:00,8.95,8.97,8.81,8.84
2020-11-25,07:00:00,8.93,8.95,8.92,8.94
2020-11-26,07:00:00,8.94,8.94,8.9,8.9
2020-11-29,07:00:00,8.93,8.98,8.92,8.97
2020-11-30,07:00:00,8.99,8.99,8.97,8.98
2020-12-01,07:00:00,9.0,9.0,8.98,8.99
2020-12-02,07:00:00,9.0,9.0,8.95,8.97
2020-12-03,07:00:00,8.98,9.0,8.96,8.98
2020-12-06,07:00:00,8.99,9.0,8.95,8.97
2020-12-07,07:00:00,8.95,8.98,8.9,8.98
2020-12-08,07:00:00,8.96,9.05,8.96,9.020001
2020-12-09,07:00:00,9.03,9.03,8.98,9.020001
2020-12-10,07:00:00,9.03,9.03,8.99,9.0
2020-12-13,07:00:00,9.020001,9.020001,9.0,9.020001
2020-12-14,07:00:00,9.01,9.01,8.99,9.01
2020-12-15,07:00:00,9.03,9.03,9.0,9.01
2020-12-16,07:00:00,9.01,9.020001,9.0,9.020001
2020-12-17,07:00:00,9.03,9.04,9.020001,9.04
2020-12-20,07:00:00,9.020001,9.03,9.01,9.020001
2020-12-21,07:00:00,9.0,9.0,8.9,8.95
2020-12-22,07:00:00,8.95,9.0,8.95,9.0
2020-12-23,07:00:00,8.99,9.020001,8.98,9.020001
2020-12-24,07:00:00,9.01,9.07,9.01,9.07
2020-12-27,07:00:00,9.05,9.08,9.05,9.08
2020-12-28,07:00:00,9.09,9.09,9.05,9.08
2020-12-29,07:00:00,9.08,9.09,9.04,9.08
2020-12-30,07:00:00,9.1,9.1,9.05,9.06
2020-12-31,07:00:00,9.08,9.08,9.04,9.05
2021-01-03,07:00:00,9.05,9.05,8.99,9.0
2021-01-04,07:00:00,8.98,9.01,8.97,9.0
2021-01-05,07:00:00,8.99,8.99,8.95,8.97
2021-01-06,07:00:00,8.97,8.99,8.97,8.99
2021-01-07,07:00:00,8.97,9.05,8.95,9.05
2021-01-10,07:00:00,9.03,9.14,9.020001,9.1
2021-01-11,07:00:00,9.08,9.19,9.07,9.13
2021-01-12,07:00:00,9.14,9.16,9.09,9.1
2021-01-13,07:00:00,9.13,9.15,9.13,9.15
2021-01-14,07:00:00,9.13,9.29,9.13,9.28
2021-01-17,07:00:00,9.13,9.25,9.13,9.23
2021-01-18,07:00:00,9.16,9.2,8.96,8.96
2021-01-19,07:00:00,8.96,9.26,8.96,9.1
2021-01-20,07:00:00,9.1,9.13,9.07,9.1
2021-01-21,07:00:00,8.98,9.08,8.98,9.05
2021-01-24,07:00:00,8.98,9.03,8.98,9.020001
2021-01-25,07:00:00,8.98,9.0,8.96,9.0
2021-01-26,07:00:00,9.0,9.0,9.0,9.0
2021-01-27,07:00:00,9.05,9.05,9.05,9.05
2021-01-28,07:00:00,9.04,9.05,9.0,9.04
2021-01-31,07:00:00,8.99,9.0,8.99,9.0
2021-02-01,07:00:00,9.0,9.020001,9.0,9.020001
2021-02-02,07:00:00,8.98,8.98,8.91,8.96
2021-02-03,07:00:00,8.9,8.96,8.87,8.96
2021-02-04,07:00:00,8.95,8.95,8.8,8.83
2021-02-07,07:00:00,8.83,8.99,8.82,8.99
2021-02-08,07:00:00,8.98,9.020001,8.98,9.020001
2021-02-09,07:00:00,9.01,9.03,9.0,9.03
2021-02-10,07:00:00,8.99,9.0,8.9,9.0
2021-02-11,07:00:00,8.9,8.92,8.9,8.92
2021-02-14,07:00:00,8.91,8.91,8.88,8.9
2021-02-15,07:00:00,8.89,8.94,8.87,8.94
2021-02-16,07:00:00,8.91,8.95,8.9,8.95
2021-02-17,07:00:00,8.95,8.95,8.94,8.95
2021-02-18,07:00:00,8.96,8.98,8.96,8.98
2021-02-21,07:00:00,8.92,8.95,8.91,8.95
2021-02-22,07:00:00,8.95,8.96,8.93,8.96
2021-02-23,07:00:00,8.95,8.98,8.95,8.98
2021-02-24,07:00:00,8.98,8.98,8.91,8.92
2021-02-25,07:00:00,8.92,8.92,8.89,8.92
2021-02-28,07:00:00,8.91,8.95,8.87,8.95
2021-03-01,07:00:00,8.91,8.95,8.9,8.94
2021-03-02,07:00:00,8.94,9.0,8.91,9.0
2021-03-03,07:00:00,8.98,9.0,8.9,8.98
2021-03-04,07:00:00,8.97,8.97,8.94,8.95
2021-03-07,07:00:00,8.97,8.97,8.94,8.97
2021-03-08,07:00:00,8.96,9.0,8.95,9.0
2021-03-09,07:00:00,9.0,9.0,8.95,8.99
2021-03-10,07:00:00,8.99,9.0,8.99,9.0
2021-03-11,07:00:00,9.01,9.020001,9.01,9.020001
2021-03-14,07:00:00,9.04,9.1,9.04,9.04
2021-03-15,07:00:00,9.07,9.1,8.95,9.1
2021-03-16,07:00:00,9.03,9.06,9.03,9.05
2021-03-17,07:00:00,9.08,9.08,8.99,9.03
2021-03-18,07:00:00,9.0,9.05,8.99,9.05
2021-03-21,07:00:00,9.07,9.07,9.04,9.05
2021-03-22,07:00:00,9.04,9.05,9.0,9.04
2021-03-23,07:00:00,9.04,9.51,9.04,9.31
2021-03-24,07:00:00,9.25,9.31,9.03,9.05
2021-03-25,07:00:00,9.09,9.1,9.0,9.05
2021-03-28,07:00:00,9.08,9.08,9.05,9.07
2021-03-29,07:00:00,9.06,9.07,9.04,9.07
2021-03-30,07:00:00,9.05,9.2,9.04,9.07
2021-03-31,07:00:00,9.08,9.14,9.08,9.14
2021-04-01,07:00:00,9.14,9.15,9.11,9.14
2021-04-04,07:00:00,9.12,9.15,9.12,9.15
2021-04-05,07:00:00,9.15,9.17,9.15,9.17
2021-04-06,07:00:00,9.14,9.17,9.14,9.17
2021-04-07,07:00:00,9.15,9.2,9.15,9.19
2021-04-08,07:00:00,9.19,9.2,9.11,9.2
2021-04-11,07:00:00,9.18,9.23,9.15,9.18
2021-04-12,07:00:00,9.23,9.270001,9.2,9.25
2021-04-13,07:00:00,9.270001,9.39,9.22,9.23
2021-04-14,07:00:00,9.33,9.33,9.22,9.24
2021-04-15,07:00:00,9.23,9.29,9.2,9.28
2021-04-18,07:00:00,9.18,9.19,9.12,9.19
2021-04-19,07:00:00,9.2,9.21,9.2,9.21
2021-04-20,07:00:00,9.17,9.28,9.17,9.26
2021-04-21,07:00:00,9.26,9.29,9.25,9.28
2021-04-22,07:00:00,9.3,9.33,9.28,9.32
2021-04-25,07:00:00,9.35,9.39,9.32,9.36
2021-04-26,07:00:00,9.36,9.49,9.36,9.41
2021-04-27,07:00:00,9.5,9.59,9.45,9.48
2021-04-28,07:00:00,9.43,9.45,9.41,9.45
2021-04-29,07:00:00,9.43,9.49,9.42,9.47
2021-05-02,07:00:00,9.47,9.55,9.47,9.54
2021-05-03,07:00:00,9.53,9.54,9.51,9.54
2021-05-04,07:00:00,9.5,9.54,9.5,9.54
2021-05-05,07:00:00,9.53,9.99,9.46,9.58
2021-05-06,07:00:00,9.67,9.67,9.51,9.58
2021-05-09,07:00:00,9.55,9.8,9.54,9.78
2021-05-10,07:00:00,9.75,9.95,9.74,9.87
2021-05-17,07:00:00,9.88,10.44,9.88,10.22
2021-05-18,07:00:00,10.2,10.4,10.0,10.1
2021-05-19,07:00:00,10.04,10.08,9.95,10.06
2021-05-20,07:00:00,10.0,10.04,9.9,9.91
2021-05-23,07:00:00,9.94,9.97,9.84,9.89
2021-05-24,07:00:00,9.87,9.94,9.81,9.9
2021-05-25,07:00:00,9.9,9.96,9.84,9.9
2021-05-26,07:00:00,9.9,10.0,9.9,9.97
2021-05-27,07:00:00,10.0,10.02,9.94,9.97
2021-05-30,07:00:00,9.98,9.99,9.97,9.97
2021-05-31,07:00:00,10.04,10.38,10.04,10.24
2021-06-01,07:00:00,10.2,10.36,10.18,10.32
2021-06-02,07:00:00,10.28,10.38,10.22,10.3
2021-06-03,07:00:00,10.24,10.32,10.14,10.16
2021-06-06,07:00:00,10.16,10.18,10.0,10.1
2021-06-07,07:00:00,10.08,10.18,10.02,10.18
2021-06-08,07:00:00,10.12,10.18,10.02,10.12
2021-06-09,07:00:00,10.16,10.16,10.04,10.12
2021-06-10,07:00:00,10.12,10.2,10.06,10.18
2021-06-13,07:00:00,10.22,10.3,10.2,10.24
2021-06-14,07:00:00,10.24,10.24,10.0,10.1
2021-06-15,07:00:00,10.1,10.14,10.06,10.06
2021-06-16,07:00:00,10.06,10.18,10.06,10.16
2021-06-17,07:00:00,10.18,10.2,10.14,10.2
2021-06-20,07:00:00,10.22,10.22,10.12,10.2
2021-06-21,07:00:00,10.22,10.22,10.08,10.14
2021-06-22,07:00:00,10.12,10.22,10.1,10.14
2021-06-23,07:00:00,10.14,10.18,10.1,10.18
2021-06-24,07:00:00,10.14,10.16,10.1,10.14
2021-06-27,07:00:00,10.12,10.18,10.12,10.16
2021-06-28,07:00:00,10.16,10.18,10.12,10.16
2021-06-29,07:00:00,10.14,10.2,10.14,10.14
2021-06-30,07:00:00,10.14,10.34,10.14,10.3
2021-07-01,07:00:00,10.26,10.52,10.26,10.3
2021-07-04,07:00:00,10.4,10.42,10.32,10.42
2021-07-05,07:00:00,10.42,10.46,10.2,10.24
2021-07-06,07:00:00,10.26,10.26,10.14,10.18
2021-07-07,07:00:00,10.24,10.24,10.14,10.2
2021-07-08,07:00:00,10.24,10.24,10.12,10.12
2021-07-11,07:00:00,10.14,10.16,10.1,10.16
2021-07-12,07:00:00,10.14,10.16,10.04,10.14
2021-07-13,07:00:00,10.14,10.16,10.1,10.1
2021-07-14,07:00:00,10.12,10.2,10.12,10.2
2021-07-15,07:00:00,10.16,10.2,10.12,10.2
2021-07-25,07:00:00,10.2,10.3,10.18,10.22
2021-07-26,07:00:00,10.28,10.3,10.2,10.26
2021-07-27,07:00:00,10.22,10.3,10.22,10.26
2021-07-28,07:00:00,10.16,10.24,10.16,10.16
2021-07-29,07:00:00,10.16,10.18,10.12,10.18
2021-08-01,07:00:00,10.2,10.28,10.18,10.22
2021-08-02,07:00:00,10.18,10.22,10.12,10.22
2021-08-03,07:00:00,10.24,10.24,10.18,10.2
2021-08-04,07:00:00,10.2,10.2,10.16,10.16
2021-08-05,07:00:00,10.14,10.2,10.06,10.2
2021-08-08,07:00:00,10.2,10.2,10.12,10.16
2021-08-09,07:00:00,10.16,10.24,10.12,10.2
2021-08-10,07:00:00,10.18,10.24,10.16,10.22
2021-08-11,07:00:00,10.22,10.26,10.18,10.24
2021-08-12,07:00:00,10.24,10.26,10.18,10.22
2021-08-15,07:00:00,10.22,10.24,10.18,10.22
2021-08-16,07:00:00,10.16,10.24,10.16,10.22
2021-08-17,07:00:00,10.18,10.24,10.18,10.22
2021-08-18,07:00:00,10.18,10.22,10.18,10.22
2021-08-19,07:00:00,10.16,10.2,10.16,10.2
2021-08-22,07:00:00,10.16,10.18,10.1,10.18
2021-08-23,07:00:00,10.18,10.18,10.14,10.18
2021-08-24,07:00:00,10.16,10.18,10.12,10.12
2021-08-25,07:00:00,10.12,10.14,10.1,10.14
2021-08-26,07:00:00,10.1,10.12,10.08,10.12
2021-08-29,07:00:00,10.12,10.12,9.98,10.1
2021-08-30,07:00:00,10.12,10.12,10.04,10.12
2021-08-31,07:00:00,10.12,10.14,10.12,10.12
2021-09-01,07:00:00,10.14,10.18,10.12,10.16
2021-09-02,07:00:00,10.16,10.18,10.16,10.18
2021-09-05,07:00:00,10.18,10.28,10.18,10.26
2021-09-06,07:00:00,10.26,10.26,10.22,10.26
2021-09-07,07:00:00,10.2,10.26,10.2,10.26
2021-09-08,07:00:00,10.2,10.24,10.18,10.2
2021-09-09,07:00:00,10.2,10.26,10.18,10.22
2021-09-12,07:00:00,10.16,10.2,10.16,10.18
2021-09-13,07:00:00,10.18,10.22,10.18,10.22
2021-09-14,07:00:00,10.22,10.28,10.22,10.22
2021-09-15,07:00:00,10.22,10.24,10.18,10.24
2021-09-16,07:00:00,10.24,10.3,10.24,10.26
2021-09-19,07:00:00,10.26,10.28,10.22,10.22
2021-09-20,07:00:00,10.2,10.22,10.2,10.22
2021-09-21,07:00:00,10.18,10.26,10.18,10.24
2021-09-22,07:00:00,10.24,10.24,10.18,10.18
2021-09-26,07:00:00,10.18,10.2,10.16,10.2
2021-09-27,07:00:00,10.18,10.2,10.16,10.18
2021-09-28,07:00:00,10.2,10.22,10.18,10.2
2021-09-29,07:00:00,10.2,10.22,10.18,10.22
2021-09-30,07:00:00,10.24,10.24,10.22,10.24
2021-10-03,07:00:00,10.22,10.24,10.22,10.24
2021-10-04,07:00:00,10.22,10.22,10.22,10.22
2021-10-05,07:00:00,10.2,10.24,10.2,10.24
2021-10-06,07:00:00,10.26,10.26,10.2,10.2
2021-10-07,07:00:00,10.18,10.2,10.18,10.2
2021-10-10,07:00:00,10.16,10.18,10.14,10.18
2021-10-11,07:00:00,10.26,10.32,10.0,10.24
2021-10-12,07:00:00,10.26,10.26,10.12,10.2
2021-10-13,07:00:00,10.12,10.16,10.06,10.14
2021-10-14,07:00:00,10.1,10.12,10.02,10.02
2021-10-17,07:00:00,10.04,10.06,10.0,10.06
2021-10-18,07:00:00,10.06,10.1,10.02,10.1
2021-10-19,07:00:00,10.04,10.08,10.0,10.0
2021-10-20,07:00:00,10.0,10.04,9.99,10.0
2021-10-21,07:00:00,9.95,9.99,9.92,9.96
2021-10-24,07:00:00,9.96,9.99,9.96,9.98
2021-10-25,07:00:00,9.95,10.04,9.95,10.0
2021-10-26,07:00:00,10.0,10.04,9.96,10.0
2021-10-27,07:00:00,9.98,10.08,9.96,10.04
2021-10-28,07:00:00,10.0,10.08,10.0,10.04
2021-10-31,07:00:00,10.02,10.06,10.02,10.06
2021-11-01,07:00:00,10.04,10.04,9.98,9.99
2021-11-02,07:00:00,9.98,9.98,9.94,9.97
2021-11-03,07:00:00,9.95,9.95,9.91,9.92
2021-11-04,07:00:00,9.9,9.95,9.9,9.95
2021-11-07,07:00:00,9.95,9.96,9.9,9.94
2021-11-08,07:00:00,9.94,9.96,9.9,9.96
2021-11-09,07:00:00,9.93,9.93,9.89,9.9
2021-11-10,07:00:00,9.97,9.97,9.9,9.96
2021-11-11,07:00:00,9.96,9.96,9.95,9.95
2021-11-14,07:00:00,9.92,9.95,9.9,9.95
2021-11-15,07:00:00,9.94,9.95,9.94,9.95
2021-11-16,07:00:00,9.92,9.98,9.9,9.98
2021-11-17,07:00:00,9.96,9.99,9.9,9.99
2021-11-18,07:00:00,10.0,10.0,9.92,9.95
2021-11-21,07:00:00,9.9,9.93,9.9,9.9
2021-11-22,07:00:00,9.88,9.88,9.8,9.87
2021-11-23,07:00:00,9.8,9.97,9.8,9.97
2021-11-24,07:00:00,10.0,10.0,9.95,9.97
2021-11-25,07:00:00,9.97,9.97,9.9,9.97
2021-11-28,07:00:00,9.93,9.93,9.6,9.64
2021-11-29,07:00:00,9.75,9.79,9.6,9.79
2021-11-30,07:00:00,9.72,9.79,9.7,9.79
2021-12-01,07:00:00,9.78,9.78,9.65,9.68
2021-12-02,07:00:00,9.75,9.75,9.74,9.74
2021-12-05,07:00:00,9.7,9.770001,9.6,9.770001
2021-12-06,07:00:00,9.770001,9.770001,9.68,9.76
2021-12-07,07:00:00,9.76,9.82,9.76,9.81
2021-12-08,07:00:00,9.6,9.81,9.6,9.81
2021-12-09,07:00:00,9.76,9.82,9.76,9.82
2021-12-12,07:00:00,9.78,9.84,9.78,9.84
2021-12-13,07:00:00,9.8,9.92,9.8,9.92
2021-12-14,07:00:00,9.85,9.92,9.75,9.83
2021-12-15,07:00:00,9.89,9.91,9.87,9.91
2021-12-16,07:00:00,9.93,9.96,9.9,9.96
2021-12-19,07:00:00,9.97,9.97,9.91,9.96
2021-12-20,07:00:00,9.91,9.94,9.89,9.94
2021-12-21,07:00:00,9.88,9.96,9.88,9.96
2021-12-22,07:00:00,9.92,9.97,9.9,9.97
2021-12-23,07:00:00,9.95,9.95,9.88,9.88
2021-12-26,07:00:00,9.88,9.97,9.79,9.96
2021-12-27,07:00:00,9.9,9.91,9.83,9.88
2021-12-28,07:00:00,9.88,9.9,9.770001,9.9
2021-12-29,07:00:00,9.93,9.93,9.9,9.91
2021-12-30,07:00:00,9.9,9.9,9.84,9.85
2022-01-02,07:00:00,9.82,9.88,9.82,9.88
2022-01-03,07:00:00,9.83,9.85,9.8,9.85
2022-01-04,07:00:00,9.82,9.82,9.72,9.75
2022-01-05,07:00:00,9.89,9.89,9.73,9.85
2022-01-06,07:00:00,9.75,9.83,9.75,9.83
2022-01-09,07:00:00,9.86,9.86,9.73,9.75
2022-01-10,07:00:00,9.75,9.8,9.71,9.8
2022-01-11,07:00:00,9.8,9.8,9.7,9.8
2022-01-12,07:00:00,9.8,9.8,9.75,9.75
2022-01-13,07:00:00,9.75,9.79,9.75,9.79
2022-01-16,07:00:00,9.79,9.8,9.73,9.770001
2022-01-17,07:00:00,9.9,10.0,9.89,10.0
2022-01-18,07:00:00,10.06,10.14,10.04,10.14
2022-01-19,07:00:00,10.12,10.16,10.1,10.16
2022-01-20,07:00:00,10.18,10.18,10.1,10.12
2022-01-23,07:00:00,10.16,10.16,10.08,10.12
2022-01-24,07:00:00,10.12,10.14,10.08,10.14
2022-01-25,07:00:00,9.99,9.99,9.9,9.91
2022-01-26,07:00:00,9.9,9.93,9.88,9.93
2022-01-27,07:00:00,9.94,9.94,9.89,9.9
2022-01-30,07:00:00,9.92,9.93,9.9,9.92
2022-01-31,07:00:00,9.93,9.94,9.89,9.92
2022-02-01,07:00:00,9.92,9.92,9.85,9.86
2022-02-02,07:00:00,9.88,9.91,9.84,9.91
2022-02-03,07:00:00,9.89,9.92,9.88,9.91
2022-02-06,07:00:00,9.9,9.91,9.89,9.91
2022-02-07,07:00:00,9.91,9.91,9.88,9.89
2022-02-08,07:00:00,9.89,9.89,9.75,9.76
2022-02-09,07:00:00,9.770001,9.79,9.76,9.76
2022-02-10,07:00:00,9.75,9.8,9.75,9.8
2022-02-13,07:00:00,9.75,9.82,9.69,9.72
2022-02-14,07:00:00,9.75,9.78,9.7,9.7
2022-02-15,07:00:00,9.7,9.770001,9.7,9.73
2022-02-16,07:00:00,9.79,9.79,9.72,9.76
2022-02-17,07:00:00,9.73,9.770001,9.73,9.75
2022-02-20,07:00:00,9.8,9.8,9.72,9.73
2022-02-21,07:00:00,9.8,9.8,9.72,9.73
2022-02-23,07:00:00,9.73,9.74,9.71,9.72
2022-02-24,07:00:00,9.72,9.73,9.68,9.7
2022-02-27,07:00:00,9.71,9.75,9.7,9.7
2022-02-28,07:00:00,9.69,9.73,9.69,9.73
2022-03-01,07:00:00,9.73,9.73,9.7,9.71
2022-03-02,07:00:00,9.7,9.72,9.7,9.72
2022-03-03,07:00:00,9.73,9.75,9.7,9.73
2022-03-06,07:00:00,9.71,9.75,9.71,9.71
2022-03-07,07:00:00,9.73,9.74,9.7,9.72
2022-03-08,07:00:00,9.74,9.75,9.73,9.75
2022-03-09,07:00:00,9.74,9.74,9.7,9.74
2022-03-10,07:00:00,9.73,9.75,9.73,9.73
2022-03-13,07:00:00,9.73,9.75,9.7,9.75
2022-03-14,07:00:00,9.79,9.79,9.72,9.72
2022-03-15,07:00:00,9.7,9.74,9.7,9.74
2022-03-16,07:00:00,9.73,9.770001,9.7,9.75
2022-03-17,07:00:00,9.75,9.75,9.74,9.75
2022-03-20,07:00:00,9.71,9.76,9.71,9.73
2022-03-21,07:00:00,9.75,9.75,9.72,9.73
2022-03-22,07:00:00,9.73,9.75,9.73,9.74
2022-03-23,07:00:00,9.75,9.78,9.75,9.770001
2022-03-24,07:00:00,9.78,9.88,9.78,9.83
2022-03-27,07:00:00,9.87,9.97,9.87,9.91
2022-03-28,07:00:00,9.91,9.94,9.91,9.94
2022-03-29,07:00:00,9.95,9.96,9.9,9.95
2022-03-30,07:00:00,9.95,9.98,9.95,9.96
2022-03-31,07:00:00,9.95,9.95,9.88,9.93
2022-04-03,07:00:00,9.98,10.08,9.97,9.97
2022-04-04,07:00:00,10.0,10.02,9.9,9.93
2022-04-05,07:00:00,9.94,9.98,9.92,9.94
2022-04-06,07:00:00,9.92,9.98,9.9,9.9
2022-04-07,07:00:00,9.94,9.96,9.92,9.92
2022-04-10,07:00:00,9.98,9.98,9.89,9.92
2022-04-11,07:00:00,9.92,9.92,9.92,9.92
2022-04-12,07:00:00,9.95,9.98,9.91,9.98
2022-04-13,07:00:00,9.97,9.99,9.91,9.99
2022-04-14,07:00:00,9.99,9.99,9.97,9.98
2022-04-17,07:00:00,9.99,10.0,9.97,9.97
2022-04-18,07:00:00,9.98,9.98,9.85,9.93
2022-04-19,07:00:00,9.92,9.92,9.9,9.92
2022-04-20,07:00:00,9.92,9.92,9.87,9.89
2022-04-21,07:00:00,9.91,9.91,9.88,9.88
2022-04-24,07:00:00,9.94,9.94,9.86,9.87
2022-04-25,07:00:00,9.87,9.87,9.8,9.82
2022-04-26,07:00:00,9.82,9.84,9.8,9.82
2022-04-27,07:00:00,9.83,9.84,9.8,9.84
2022-04-28,07:00:00,9.86,9.86,9.79,9.8
2022-05-08,07:00:00,9.81,9.82,9.78,9.78
2022-05-09,07:00:00,9.78,9.8,9.78,9.79
2022-05-10,07:00:00,9.82,9.82,9.76,9.76
2022-05-11,07:00:00,9.7,9.71,9.55,9.6
2022-05-12,07:00:00,9.6,9.6,9.58,9.58
2022-05-15,07:00:00,9.59,9.6,9.58,9.59
2022-05-16,07:00:00,9.59,9.59,9.56,9.58
2022-05-17,07:00:00,9.6,9.6,9.54,9.55
2022-05-18,07:00:00,9.53,9.54,9.51,9.54
2022-05-19,07:00:00,9.54,9.54,9.48,9.520001
2022-05-22,07:00:00,9.520001,9.520001,9.47,9.5
2022-05-23,07:00:00,9.5,9.5,9.46,9.49
2022-05-24,07:00:00,9.48,9.5,9.44,9.47
2022-05-25,07:00:00,9.47,9.59,9.45,9.45
2022-05-26,07:00:00,9.48,9.48,9.44,9.45
2022-05-29,07:00:00,9.48,9.57,9.44,9.57
2022-05-30,07:00:00,9.55,9.55,9.46,9.5
2022-05-31,07:00:00,9.49,9.54,9.47,9.48
2022-06-01,07:00:00,9.5,9.5,9.43,9.45
2022-06-02,07:00:00,9.45,9.48,9.43,9.45
2022-06-05,07:00:00,9.45,9.47,9.42,9.45
2022-06-06,07:00:00,9.46,9.46,9.41,9.45
2022-06-07,07:00:00,9.44,9.45,9.3,9.4
2022-06-08,07:00:00,9.38,9.38,9.2,9.270001
2022-06-09,07:00:00,9.21,9.32,9.2,9.32
2022-06-12,07:00:00,9.31,9.31,9.2,9.26
2022-06-13,07:00:00,9.26,9.270001,9.1,9.2
2022-06-14,07:00:00,9.2,9.21,9.0,9.1
2022-06-15,07:00:00,9.12,9.2,9.09,9.2
2022-06-16,07:00:00,9.09,9.12,9.07,9.12
2022-06-19,07:00:00,9.0,9.1,8.89,8.99
2022-06-20,07:00:00,8.95,8.95,8.91,8.91
2022-06-21,07:00:00,8.9,8.98,8.9,8.98
2022-06-22,07:00:00,8.96,8.96,8.89,8.91
2022-06-23,07:00:00,8.89,8.89,8.84,8.88
2022-06-26,07:00:00,8.96,8.98,8.88,8.97
2022-06-27,07:00:00,9.06,9.06,9.06,9.06
2022-06-28,07:00:00,9.08,9.12,9.05,9.08
2022-06-29,07:00:00,9.06,9.17,9.05,9.05
2022-06-30,07:00:00,9.05,9.1,9.020001,9.1
2022-07-03,07:00:00,9.09,9.18,9.06,9.18
2022-07-04,07:00:00,9.1,9.29,9.1,9.29
2022-07-05,07:00:00,9.270001,9.270001,9.270001,9.270001
2022-07-06,07:00:00,9.2,9.26,9.2,9.26
2022-07-13,07:00:00,9.26,9.28,9.26,9.28
2022-07-14,07:00:00,9.22,9.22,9.0,9.18
2022-07-17,07:00:00,9.18,9.19,9.16,9.16
2022-07-18,07:00:00,9.2,9.2,9.2,9.2
2022-07-19,07:00:00,9.28,9.28,9.28,9.28
2022-07-20,07:00:00,9.25,9.270001,9.24,9.24
2022-07-21,07:00:00,9.24,9.26,9.2,9.2
2022-07-24,07:00:00,9.2,9.28,9.19,9.28
2022-07-25,07:00:00,9.1,9.28,9.1,9.28
2022-07-26,07:00:00,9.12,9.2,9.1,9.18
2022-07-27,07:00:00,9.11,9.22,9.11,9.22
2022-07-28,07:00:00,9.11,9.22,9.11,9.22
2022-07-31,07:00:00,9.23,9.25,9.21,9.21
2022-08-01,07:00:00,9.25,9.26,9.22,9.26
2022-08-02,07:00:00,9.22,9.32,9.22,9.32
2022-08-03,07:00:00,9.31,9.31,9.29,9.31
2022-08-04,07:00:00,9.32,9.32,9.24,9.29
2022-08-07,07:00:00,9.3,9.3,9.24,9.28
2022-08-08,07:00:00,9.29,9.29,9.22,9.22
2022-08-09,07:00:00,9.22,9.22,9.17,9.22
2022-08-10,07:00:00,9.2,9.22,9.18,9.22
2022-08-11,07:00:00,9.17,9.22,9.17,9.22
2022-08-14,07:00:00,9.22,9.25,9.2,9.25
2022-08-15,07:00:00,9.25,9.25,9.2,9.25
2022-08-16,07:00:00,9.2,9.24,9.2,9.24
2022-08-17,07:00:00,9.26,9.26,9.26,9.26
2022-08-18,07:00:00,9.270001,9.29,9.26,9.29
2022-08-21,07:00:00,9.29,9.29,9.25,9.270001
2022-08-22,07:00:00,9.25,9.26,9.24,9.25
2022-08-23,07:00:00,9.24,9.24,9.23,9.23
2022-08-24,07:00:00,9.19,9.2,8.9,8.9
2022-08-25,07:00:00,8.89,9.04,8.81,9.04
2022-08-28,07:00:00,9.03,9.06,9.0,9.06
2022-08-29,07:00:00,9.09,9.12,9.09,9.11
2022-08-30,07:00:00,9.13,9.13,9.13,9.13
2022-08-31,07:00:00,9.13,9.13,9.13,9.13
2022-09-01,07:00:00,9.1,9.14,9.1,9.11
2022-09-04,07:00:00,9.12,9.2,9.12,9.2
2022-09-05,07:00:00,9.11,9.16,9.11,9.15
2022-09-06,07:00:00,9.18,9.18,9.14,9.14
2022-09-07,07:00:00,9.14,9.14,9.06,9.13
2022-09-08,07:00:00,9.05,9.1,9.04,9.1
2022-09-11,07:00:00,9.15,9.15,9.020001,9.04
2022-09-12,07:00:00,9.03,9.03,9.020001,9.020001
2022-09-13,07:00:00,9.01,9.06,9.01,9.06
2022-09-14,07:00:00,9.04,9.06,9.0,9.06
2022-09-15,07:00:00,9.03,9.03,9.020001,9.03
2022-09-18,07:00:00,9.06,9.06,8.97,9.020001
2022-09-19,07:00:00,8.97,8.99,8.92,8.92
2022-09-20,07:00:00,9.020001,9.020001,8.98,8.98
2022-09-21,07:00:00,9.0,9.0,9.0,9.0
2022-09-25,07:00:00,8.49,8.67,8.49,8.67
2022-09-26,07:00:00,8.57,8.94,8.57,8.84
2022-09-27,07:00:00,8.84,8.96,8.5,8.75
2022-09-28,07:00:00,8.75,8.83,8.75,8.83
2022-09-29,07:00:00,8.79,8.83,8.79,8.83
2022-10-02,07:00:00,8.76,8.8,8.76,8.79
2022-10-03,07:00:00,8.76,8.8,8.76,8.8
2022-10-04,07:00:00,8.82,8.87,8.81,8.84
2022-10-05,07:00:00,8.88,8.88,8.78,8.82
2022-10-06,07:00:00,8.85,8.85,8.78,8.78
2022-10-09,07:00:00,8.71,8.71,8.7,8.7
2022-10-10,07:00:00,8.72,8.73,8.63,8.64
2022-10-11,07:00:00,8.73,8.73,8.520001,8.57
2022-10-12,07:00:00,8.57,8.57,8.55,8.55
2022-10-13,07:00:00,8.58,8.59,8.57,8.57
2022-10-16,07:00:00,8.55,8.6,8.2,8.6
2022-10-17,07:00:00,8.5,8.66,8.5,8.66
2022-10-18,07:00:00,8.68,8.75,8.64,8.75
2022-10-19,07:00:00,8.75,8.75,8.75,8.75
2022-10-20,07:00:00,8.7,8.76,8.7,8.76
2022-10-23,07:00:00,8.78,8.79,8.75,8.76
2022-10-24,07:00:00,8.62,8.65,8.62,8.65
2022-10-25,07:00:00,8.65,8.65,8.63,8.63
2022-10-26,07:00:00,8.65,8.65,8.6,8.62
2022-10-27,07:00:00,8.62,8.62,8.58,8.59
2022-10-30,07:00:00,8.61,8.61,8.6,8.6
2022-10-31,07:00:00,8.58,8.6,8.58,8.6
2022-11-01,07:00:00,8.57,8.57,8.53,8.54
2022-11-02,07:00:00,8.520001,8.53,8.34,8.4
2022-11-03,07:00:00,8.4,8.4,8.09,8.09
2022-11-06,07:00:00,8.14,8.14,7.99,7.99
2022-11-07,07:00:00,7.99,7.99,7.84,7.85
2022-11-08,07:00:00,7.86,7.87,7.74,7.74
2022-11-09,07:00:00,7.76,7.77,7.65,7.68
2022-11-10,07:00:00,7.76,7.76,7.69,7.71
2022-11-13,07:00:00,7.79,7.79,7.64,7.74
2022-11-14,07:00:00,7.67,7.7,7.59,7.59
2022-11-15,07:00:00,7.63,7.63,7.54,7.55
2022-11-16,07:00:00,7.54,7.54,7.39,7.39
2022-11-17,07:00:00,7.4,7.4,7.29,7.33
2022-11-20,07:00:00,7.32,7.32,7.26,7.26
2022-11-21,07:00:00,7.29,7.29,7.2,7.2
2022-11-22,07:00:00,7.2,7.22,7.17,7.18
2022-11-24,07:00:00,7.17,7.32,7.17,7.23
2022-11-27,07:00:00,7.25,7.26,7.23,7.23
2022-11-28,07:00:00,7.26,7.35,7.26,7.34
2022-11-29,07:00:00,7.36,7.45,7.34,7.34
2022-11-30,07:00:00,7.34,7.4,7.33,7.4
2022-12-01,07:00:00,7.41,7.48,7.41,7.48
2022-12-04,07:00:00,7.52,7.52,7.5,7.5
2022-12-05,07:00:00,7.51,7.56,7.51,7.56
2022-12-06,07:00:00,7.5,7.51,7.48,7.48
2022-12-07,07:00:00,7.49,7.5,7.48,7.48
2022-12-08,07:00:00,7.48,7.54,7.46,7.54
2022-12-11,07:00:00,7.5,7.52,7.49,7.49
2022-12-12,07:00:00,7.4,7.4,7.4,7.4
2022-12-13,07:00:00,7.54,7.54,7.51,7.51
2022-12-14,07:00:00,7.53,7.54,7.53,7.54
2022-12-15,07:00:00,7.54,7.88,7.54,7.88
2022-12-18,07:00:00,7.66,7.8,7.66,7.8
2022-12-19,07:00:00,7.71,7.74,7.71,7.72
2022-12-20,07:00:00,7.72,7.72,7.72,7.72
2022-12-21,07:00:00,7.73,7.73,7.73,7.73
2022-12-22,07:00:00,7.74,7.74,7.71,7.71
2022-12-25,07:00:00,7.72,7.74,7.72,7.74
2022-12-26,07:00:00,7.65,7.74,7.65,7.73
2022-12-27,07:00:00,7.72,7.74,7.72,7.72
2022-12-28,07:00:00,7.71,7.75,7.71,7.74
2022-12-29,07:00:00,7.75,7.75,7.75,7.75
2023-01-01,07:00:00,7.77,7.78,7.76,7.77
2023-01-02,07:00:00,7.78,7.79,7.77,7.78
2023-01-03,07:00:00,7.79,7.97,7.79,7.91
2023-01-04,07:00:00,7.94,7.95,7.8,7.81
2023-01-05,07:00:00,7.87,7.87,7.85,7.86
2023-01-08,07:00:00,7.86,7.86,7.78,7.8
2023-01-09,07:00:00,7.8,7.9,7.77,7.83
2023-01-10,07:00:00,7.84,7.84,7.79,7.79
2023-01-11,07:00:00,7.84,7.84,7.78,7.82
2023-01-12,07:00:00,7.77,7.77,7.75,7.76
2023-01-15,07:00:00,7.76,7.76,7.75,7.75
2023-01-16,07:00:00,7.78,7.8,7.78,7.8
2023-01-17,07:00:00,7.77,7.77,7.77,7.77
2023-01-18,07:00:00,7.79,7.79,7.79,7.79
2023-01-19,07:00:00,7.82,7.84,7.82,7.84
2023-01-22,07:00:00,7.87,7.92,7.84,7.91
2023-01-23,07:00:00,7.91,7.92,7.9,7.9
2023-01-24,07:00:00,7.91,7.91,7.9,7.91
2023-01-25,07:00:00,7.92,7.92,7.91,7.92
2023-01-26,07:00:00,7.92,7.92,7.9,7.91
2023-01-29,07:00:00,7.91,7.91,7.89,7.91
2023-01-30,07:00:00,7.8,7.81,7.7,7.71
2023-01-31,07:00:00,7.69,7.69,7.6,7.67
2023-02-01,07:00:00,7.66,7.66,7.64,7.65
2023-02-02,07:00:00,7.67,7.67,7.65,7.67
2023-02-05,07:00:00,7.67,7.67,7.64,7.65
2023-02-06,07:00:00,7.6,7.6,7.56,7.56
2023-02-07,07:00:00,7.58,7.58,7.56,7.58
2023-02-08,07:00:00,7.58,7.58,7.57,7.57
2023-02-09,07:00:00,7.57,7.6,7.56,7.56
2023-02-12,07:00:00,7.56,7.57,7.5,7.57
2023-02-13,07:00:00,7.58,7.58,7.58,7.58
2023-02-14,07:00:00,7.58,7.58,7.58,7.58
2023-02-15,07:00:00,7.5,7.59,7.5,7.59
2023-02-16,07:00:00,7.5,7.59,7.5,7.59
2023-02-19,07:00:00,7.64,7.64,7.59,7.59
2023-02-20,07:00:00,7.57,7.57,7.5,7.5
2023-02-21,07:00:00,7.46,7.46,7.46,7.46
2023-02-23,07:00:00,7.45,7.45,7.31,7.45
2023-02-26,07:00:00,7.35,7.35,7.35,7.35
2023-02-27,07:00:00,7.39,7.39,7.3,7.3
2023-02-28,07:00:00,7.3,7.35,7.3,7.35
2023-03-01,07:00:00,7.39,7.39,7.3,7.3
2023-03-02,07:00:00,7.35,7.39,7.35,7.39
2023-03-05,07:00:00,7.44,7.44,7.35,7.38
2023-03-06,07:00:00,7.41,7.41,7.41,7.41
2023-03-07,07:00:00,7.42,7.5,7.42,7.49
2023-03-08,07:00:00,7.45,7.45,7.4,7.44
2023-03-09,07:00:00,7.4,7.45,7.39,7.39
2023-03-12,07:00:00,7.41,7.41,7.39,7.4
2023-03-13,07:00:00,7.45,7.45,7.37,7.4
2023-03-14,07:00:00,7.36,7.36,7.3,7.3
2023-03-15,07:00:00,7.25,7.25,7.12,7.12
2023-03-16,07:00:00,7.12,7.37,7.1,7.29
2023-03-19,07:00:00,7.28,7.28,7.28,7.28
2023-03-20,07:00:00,7.28,7.28,7.28,7.28
2023-03-21,07:00:00,7.32,7.32,7.32,7.32
2023-03-22,07:00:00,7.32,7.32,7.28,7.3
2023-03-23,07:00:00,7.32,7.32,7.31,7.31
2023-03-26,07:00:00,7.3,7.3,7.26,7.26
2023-03-27,07:00:00,7.3,7.3,7.3,7.3
2023-03-28,07:00:00,7.3,7.35,7.3,7.34
2023-03-29,07:00:00,7.35,7.35,7.32,7.35
2023-03-30,07:00:00,7.35,7.35,7.35,7.35
2023-04-02,07:00:00,7.3,7.31,7.26,7.31
2023-04-03,07:00:00,7.35,7.4,7.31,7.37
2023-04-04,07:00:00,7.33,7.34,7.32,7.32
2023-04-05,07:00:00,7.35,7.35,7.33,7.34
2023-04-06,07:00:00,7.34,7.34,7.31,7.32
2023-04-09,07:00:00,7.34,7.35,7.34,7.34
2023-04-10,07:00:00,7.36,7.36,7.35,7.35
2023-04-11,07:00:00,7.32,7.33,7.32,7.32
2023-04-12,07:00:00,7.38,7.54,7.38,7.46
2023-04-13,07:00:00,7.49,7.59,7.47,7.59
2023-04-16,07:00:00,7.51,7.52,7.46,7.51
2023-04-17,07:00:00,7.52,7.52,7.5,7.5
2023-04-25,07:00:00,7.48,7.53,7.48,7.51
2023-04-26,07:00:00,7.53,7.53,7.5,7.5
2023-04-27,07:00:00,7.51,7.51,7.5,7.5
2023-04-30,07:00:00,7.52,7.53,7.49,7.51
2023-05-01,07:00:00,7.5,7.51,7.49,7.5
2023-05-02,07:00:00,7.52,7.52,7.51,7.51
2023-05-03,07:00:00,7.48,7.51,7.48,7.51
2023-05-04,07:00:00,7.5,7.5,7.45,7.46
2023-05-07,07:00:00,7.51,7.51,7.48,7.48
2023-05-08,07:00:00,7.5,7.5,7.48,7.49
2023-05-09,07:00:00,7.49,7.49,7.49,7.49
2023-05-10,07:00:00,7.43,7.44,7.4,7.44
2023-05-11,07:00:00,7.45,7.45,7.45,7.45
2023-05-14,07:00:00,7.44,7.44,7.41,7.44
2023-05-15,07:00:00,7.44,7.44,7.41,7.41
2023-05-16,07:00:00,7.43,7.49,7.41,7.49
2023-05-17,07:00:00,7.49,7.51,7.44,7.49
2023-05-18,07:00:00,7.46,7.47,7.46,7.47
2023-05-21,07:00:00,7.43,7.48,7.43,7.48
2023-05-22,07:00:00,7.46,7.46,7.41,7.41
2023-05-23,07:00:00,7.41,7.44,7.4,7.44
2023-05-24,07:00:00,7.48,7.49,7.43,7.45
2023-05-25,07:00:00,7.48,7.49,7.43,7.45
2023-05-28,07:00:00,7.45,7.46,7.41,7.45
2023-05-29,07:00:00,7.43,7.45,7.4,7.45
2023-05-30,07:00:00,7.45,7.45,7.41,7.45
2023-05-31,07:00:00,7.42,7.44,7.42,7.44
2023-06-01,07:00:00,7.42,7.43,7.41,7.43
2023-06-04,07:00:00,7.43,7.45,7.43,7.44
2023-06-05,07:00:00,7.41,7.41,7.41,7.41
