,Unnamed: 0,TICKER,OPEN,HIGH,LOW,CLOSE,VOLUME,BARTIMESTAMP,ASSET,VWAP
17735998,17735998,GBCO,5.44,5.45,5.42,5.43,91923,2023-06-06 13:20:00,1.0,5.444782
17736061,17736061,GBCO,5.48,5.5,5.48,5.48,21226,2023-06-07 12:05:00,1.0,5.4728612
17736724,17736724,GBCO,6.11,6.14,6.08,6.13,774750,2023-06-13 13:05:00,1.0,6.0371741
17736818,17736818,GBCO,6.12,6.14,6.11,6.11,111098,2023-06-13 13:20:00,1.0,6.0435297
17745042,17745042,GBCO,5.48,5.48,5.45,5.45,9890,2023-06-07 12:25:00,1.0,5.4744805
17745207,17745207,GBCO,6.08,6.09,6.08,6.08,24125,2023-06-13 12:10:00,1.0,6.0344126
17745459,17745459,GBCO,6.05,6.07,6.04,6.06,57305,2023-06-13 12:55:00,1.0,6.0359219
17753666,17753666,GBCO,5.41,5.43,5.4,5.41,63075,2023-06-06 13:35:00,1.0,5.4406691
17753747,17753747,GBCO,5.41,5.42,5.41,5.42,869,2023-06-06 13:40:00,1.0,5.4407059
17753827,17753827,GBCO,5.45,5.47,5.45,5.47,68,2023-06-07 12:30:00,1.0,5.4743525
17753947,17753947,GBCO,5.47,5.47,5.45,5.47,61,2023-06-07 12:40:00,1.0,5.4744533
17754109,17754109,GBCO,6.07,6.12,6.07,6.07,209947,2023-06-13 13:00:00,1.0,6.0362155
17762515,17762515,GBCO,5.47,5.47,5.43,5.43,13164,2023-06-07 12:45:00,1.0,5.4744332
17762817,17762817,GBCO,6.11,6.11,6.11,6.11,171636,2023-06-13 14:25:00,1.0,6.0474028
17770587,17770587,GBCO,5.4,5.41,5.39,5.4,176601,2023-06-06 13:50:00,1.0,5.4389982
17770671,17770671,GBCO,5.4,5.41,5.39,5.41,26895,2023-06-06 13:55:00,1.0,5.4351769
17778535,17778535,GBCO,5.43,5.44,5.43,5.43,6755,2023-06-07 10:05:00,1.0,5.4286649
17778584,17778584,GBCO,5.39,5.42,5.39,5.42,82518,2023-06-07 13:00:00,1.0,5.474143
17786233,17786233,GBCO,5.41,5.42,5.39,5.39,76810,2023-06-07 13:15:00,1.0,5.467393
17786322,17786322,GBCO,5.39,5.41,5.39,5.4,42435,2023-06-07 13:20:00,1.0,5.4622616
17786380,17786380,GBCO,5.4,5.4,5.3,5.39,74952,2023-06-08 10:00:00,1.0,5.3309784
17793764,17793764,GBCO,5.47,5.49,5.46,5.48,153211,2023-06-07 10:35:00,1.0,5.4377207
17793921,17793921,GBCO,5.4,5.42,5.4,5.42,2862,2023-06-07 13:25:00,1.0,5.4620736
17794010,17794010,GBCO,5.39,5.39,5.34,5.34,12496,2023-06-08 10:05:00,1.0,5.3241507
17794113,17794113,GBCO,5.38,5.39,5.37,5.37,65413,2023-06-08 11:00:00,1.0,5.3666357
17801120,17801120,GBCO,5.46,5.48,5.45,5.45,63108,2023-06-07 10:40:00,1.0,5.4384513
17801235,17801235,GBCO,5.45,5.48,5.45,5.48,110633,2023-06-07 10:45:00,1.0,5.4433623
17801357,17801357,GBCO,5.42,5.42,5.4,5.42,14397,2023-06-07 13:30:00,1.0,5.4622733
17808650,17808650,GBCO,5.49,5.5,5.47,5.47,88213,2023-06-07 11:05:00,1.0,5.4639362
17808771,17808771,GBCO,5.39,5.39,5.38,5.39,3157,2023-06-07 13:50:00,1.0,5.4568178
17816061,17816061,GBCO,5.38,5.38,5.36,5.36,5000,2023-06-07 14:00:00,1.0,5.4451519
17816208,17816208,GBCO,5.5,5.5,5.47,5.48,16976,2023-06-11 10:10:00,1.0,5.3703
17823143,17823143,GBCO,5.49,5.5,5.48,5.5,21709,2023-06-07 11:30:00,1.0,5.4722572
17823327,17823327,GBCO,5.45,5.47,5.45,5.47,72010,2023-06-11 10:20:00,1.0,5.3813124
17823328,17823328,GBCO,5.47,5.47,5.46,5.47,16138,2023-06-11 10:25:00,1.0,5.3812406
17823700,17823700,GBCO,5.8,5.82,5.8,5.81,48729,2023-06-13 10:40:00,1.0,5.7951301
17823836,17823836,GBCO,5.86,5.9,5.84,5.9,1236660,2023-06-13 10:55:00,1.0,5.8072663
17830090,17830090,GBCO,5.45,5.46,5.45,5.45,21465,2023-06-06 12:50:00,1.0,5.4469036
17830245,17830245,GBCO,5.47,5.49,5.47,5.48,1384,2023-06-07 11:40:00,1.0,5.472279
17830697,17830697,GBCO,5.9,5.91,5.85,5.85,1073099,2023-06-13 11:00:00,1.0,5.8274564
17837324,17837324,GBCO,5.48,5.48,5.47,5.47,72,2023-06-07 11:55:00,1.0,5.4726242
17837478,17837478,GBCO,5.52,5.54,5.51,5.53,204649,2023-06-11 12:15:00,1.0,5.4373499
17844423,17844423,GBCO,6.07,6.24,6.04,6.15,4966652,2023-06-13 11:15:00,1.0,5.9067126
17845005,17845005,GBCO,6.07,6.12,6.06,6.08,250066,2023-06-13 12:05:00,1.0,6.0342035
17845408,17845408,GBCO,5.44,5.45,5.43,5.44,33738,2023-06-06 13:15:00,1.0,5.447008
17851126,17851126,GBCO,5.57,5.59,5.57,5.58,52981,2023-06-11 13:10:00,1.0,5.5054232
17851201,17851201,GBCO,5.57,5.58,5.57,5.58,49760,2023-06-11 13:15:00,1.0,5.5059879
17851268,17851268,GBCO,6.06,6.1,6.05,6.06,833462,2023-06-13 11:25:00,1.0,6.0024597
17851893,17851893,GBCO,6.1,6.12,6.1,6.1,32312,2023-06-13 12:25:00,1.0,6.0351673
18006117,18006117,GBCO,5.53,5.62,5.53,5.62,1053775,2023-06-11 12:20:00,1.0,5.4363333
18006227,18006227,GBCO,5.62,5.65,5.6,5.64,723578,2023-06-11 12:25:00,1.0,5.4415144
18006251,18006251,GBCO,5.71,5.71,5.7,5.71,116002,2023-06-12 11:00:00,1.0,5.7059061
18006386,18006386,GBCO,6.07,6.09,6.05,6.08,391849,2023-06-13 11:40:00,1.0,6.0305673
18006670,18006670,GBCO,5.44,5.44,5.43,5.43,61316,2023-06-07 10:10:00,1.0,5.4296076
18011147,18011147,GBCO,5.47,5.51,5.47,5.5,191913,2023-06-07 10:50:00,1.0,5.4533556
18012685,18012685,GBCO,5.61,5.63,5.61,5.63,134105,2023-06-11 12:35:00,1.0,5.4957196
18012902,18012902,GBCO,6.07,6.09,6.05,6.09,225754,2023-06-13 12:00:00,1.0,6.0341348
18013072,18013072,GBCO,5.42,5.43,5.42,5.43,13925,2023-06-07 10:15:00,1.0,5.4317013
18014203,18014203,GBCO,5.44,5.47,5.44,5.44,16164,2023-06-06 11:25:00,1.0,5.4393625
18017617,18017617,GBCO,5.5,5.51,5.49,5.49,103615,2023-06-07 11:00:00,1.0,5.4669462
18019225,18019225,GBCO,5.68,5.7,5.68,5.69,90145,2023-06-12 11:20:00,1.0,5.7048156
18019396,18019396,GBCO,6.06,6.12,6.06,6.12,198886,2023-06-13 12:20:00,1.0,6.0349443
18019526,18019526,GBCO,5.42,5.44,5.41,5.44,94006,2023-06-07 10:20:00,1.0,5.4340426
18019597,18019597,GBCO,5.44,5.45,5.42,5.43,57148,2023-06-07 10:25:00,1.0,5.4283503
18023983,18023983,GBCO,5.46,5.49,5.46,5.48,5416,2023-06-07 11:10:00,1.0,5.471003
18024067,18024067,GBCO,5.49,5.5,5.48,5.48,54931,2023-06-07 11:25:00,1.0,5.471882
18025599,18025599,GBCO,5.57,5.59,5.57,5.59,52227,2023-06-11 12:55:00,1.0,5.5042087
18025712,18025712,GBCO,5.68,5.69,5.68,5.68,9334,2023-06-12 11:35:00,1.0,5.704037
18025812,18025812,GBCO,6.1,6.1,6.05,6.08,54113,2023-06-13 12:35:00,1.0,6.0355497
18025878,18025878,GBCO,6.06,6.08,6.06,6.07,41096,2023-06-13 12:40:00,1.0,6.0354612
18025946,18025946,GBCO,5.44,5.48,5.43,5.48,51172,2023-06-07 10:30:00,1.0,5.4329165
18026970,18026970,GBCO,5.47,5.48,5.46,5.47,47507,2023-06-06 11:35:00,1.0,5.4403617
18030512,18030512,GBCO,5.5,5.5,5.47,5.49,20399,2023-06-07 11:35:00,1.0,5.4721644
18032042,18032042,GBCO,5.59,5.59,5.57,5.57,48504,2023-06-11 13:00:00,1.0,5.5037349
18032153,18032153,GBCO,5.68,5.72,5.68,5.72,345370,2023-06-12 11:40:00,1.0,5.7040173
18032253,18032253,GBCO,5.72,5.8,5.72,5.8,1470885,2023-06-12 11:45:00,1.0,5.7042245
18032304,18032304,GBCO,6.07,6.09,6.07,6.09,64893,2023-06-13 12:45:00,1.0,6.0358717
18032389,18032389,GBCO,6.09,6.1,6.04,6.05,135159,2023-06-13 12:50:00,1.0,6.0360876
18038819,18038819,GBCO,6.13,6.14,6.12,6.12,47822,2023-06-13 13:15:00,1.0,6.0404107
18038836,18038836,GBCO,5.5,5.51,5.49,5.49,81326,2023-06-07 10:55:00,1.0,5.4647759
18039898,18039898,GBCO,5.45,5.46,5.45,5.45,11045,2023-06-06 12:35:00,1.0,5.4464969
18043282,18043282,GBCO,5.47,5.49,5.45,5.48,8218,2023-06-07 12:20:00,1.0,5.4746042
18044786,18044786,GBCO,5.58,5.59,5.58,5.59,62041,2023-06-11 13:40:00,1.0,5.5147838
18044997,18044997,GBCO,5.79,5.79,5.75,5.77,22397,2023-06-12 12:05:00,1.0,5.7307055
18045197,18045197,GBCO,6.11,6.12,6.09,6.11,34241,2023-06-13 13:30:00,1.0,6.044099
18045283,18045283,GBCO,5.47,5.48,5.46,5.48,8609,2023-06-07 12:00:00,1.0,5.4726208
18051321,18051321,GBCO,5.59,5.6,5.58,5.59,140526,2023-06-11 14:05:00,1.0,5.5186969
18051369,18051369,GBCO,5.77,5.77,5.75,5.75,108655,2023-06-12 12:10:00,1.0,5.7278741
18051565,18051565,GBCO,6.09,6.11,6.09,6.1,94993,2023-06-13 14:00:00,1.0,6.0450863
18051718,18051718,GBCO,5.47,5.47,5.43,5.43,20062,2023-06-07 12:50:00,1.0,5.4744552
18057746,18057746,GBCO,5.59,5.62,5.58,5.62,354560,2023-06-11 14:10:00,1.0,5.5237912
18058023,18058023,GBCO,6.11,6.15,6.1,6.12,700652,2023-06-13 14:10:00,1.0,6.0453512
18058143,18058143,GBCO,5.41,5.42,5.39,5.4,59470,2023-06-07 13:35:00,1.0,5.4611472
18062383,18062383,GBCO,5.62,5.64,5.62,5.64,12702,2023-06-01 11:05:00,1.0,5.6103354
18062540,18062540,GBCO,5.39,5.4,5.39,5.39,80127,2023-06-07 13:40:00,1.0,5.4611943
18064077,18064077,GBCO,5.61,5.61,5.61,5.61,243442,2023-06-11 14:25:00,1.0,5.5220226
18064156,18064156,GBCO,5.74,5.76,5.74,5.74,40295,2023-06-12 12:20:00,1.0,5.7315092
18064449,18064449,GBCO,5.38,5.39,5.35,5.36,181608,2023-06-07 13:55:00,1.0,5.4567871
18065353,18065353,GBCO,5.56,5.56,5.55,5.55,4764,2023-06-05 10:25:00,1.0,5.5505807
18068670,18068670,GBCO,5.61,5.62,5.6,5.6,24120,2023-06-01 11:35:00,1.0,5.6117023
18068803,18068803,GBCO,5.39,5.4,5.37,5.38,96101,2023-06-07 13:45:00,1.0,5.4562683
18070320,18070320,GBCO,5.67,5.69,5.66,5.66,309238,2023-06-12 10:05:00,1.0,5.6471587
18070380,18070380,GBCO,5.74,5.75,5.74,5.75,23001,2023-06-12 12:25:00,1.0,5.7315168
18070448,18070448,GBCO,5.73,5.75,5.73,5.75,8959,2023-06-12 12:30:00,1.0,5.7315181
18074681,18074681,GBCO,5.6,5.6,5.58,5.6,45888,2023-06-01 12:15:00,1.0,5.6026678
18074709,18074709,GBCO,5.6,5.65,5.6,5.61,60782,2023-06-01 12:40:00,1.0,5.6019712
18076271,18076271,GBCO,5.68,5.69,5.66,5.68,151939,2023-06-12 10:10:00,1.0,5.6554804
18077105,18077105,GBCO,5.54,5.55,5.54,5.55,13012,2023-06-05 11:15:00,1.0,5.5450698
18077204,18077204,GBCO,5.54,5.54,5.53,5.54,19645,2023-06-05 11:25:00,1.0,5.5449123
18082153,18082153,GBCO,5.7,5.75,5.69,5.71,684541,2023-06-12 10:20:00,1.0,5.6756832
18082254,18082254,GBCO,5.74,5.76,5.72,5.74,655271,2023-06-12 10:25:00,1.0,5.6779341
18082315,18082315,GBCO,5.76,5.8,5.76,5.8,149705,2023-06-13 10:10:00,1.0,5.7566081
18088075,18088075,GBCO,5.74,5.74,5.71,5.71,421341,2023-06-12 10:30:00,1.0,5.7034818
18088182,18088182,GBCO,5.82,5.82,5.78,5.82,560967,2023-06-13 10:35:00,1.0,5.7923885
18093867,18093867,GBCO,5.7,5.73,5.69,5.69,467061,2023-06-12 10:35:00,1.0,5.7019629
18093976,18093976,GBCO,5.87,5.88,5.84,5.87,285126,2023-06-13 11:05:00,1.0,5.8351064
18094749,18094749,GBCO,5.48,5.48,5.44,5.45,216471,2023-06-05 13:40:00,1.0,5.525022
18099573,18099573,GBCO,5.51,5.53,5.5,5.53,114010,2023-06-11 12:10:00,1.0,5.4343215
18099664,18099664,GBCO,5.69,5.71,5.69,5.7,85701,2023-06-12 10:45:00,1.0,5.7075171
18099806,18099806,GBCO,6.06,6.15,6.05,6.15,1863947,2023-06-13 11:30:00,1.0,6.0031445
18100616,18100616,GBCO,5.49,5.49,5.48,5.48,3106,2023-06-05 13:50:00,1.0,5.5196163
18106578,18106578,GBCO,5.65,5.66,5.63,5.63,182172,2023-06-04 12:30:00,1.0,5.6488821
18106660,18106660,GBCO,5.41,5.42,5.41,5.41,62814,2023-06-06 13:30:00,1.0,5.4412312
18107119,18107119,GBCO,5.37,5.38,5.35,5.35,58755,2023-06-08 11:45:00,1.0,5.3751834
18107450,18107450,GBCO,5.56,5.59,5.56,5.57,7048,2023-06-11 13:35:00,1.0,5.5081968
18107520,18107520,GBCO,6.08,6.09,6.05,6.07,1345590,2023-06-13 11:50:00,1.0,6.0323058
18107581,18107581,GBCO,6.06,6.08,6.0,6.06,877673,2023-06-13 11:55:00,1.0,6.0322149
18114857,18114857,GBCO,5.34,5.34,5.33,5.33,61657,2023-06-08 13:15:00,1.0,5.3658518
18115048,18115048,GBCO,5.59,5.6,5.58,5.59,306334,2023-06-11 14:00:00,1.0,5.5193033
18115209,18115209,GBCO,6.08,6.09,6.06,6.06,76723,2023-06-13 12:15:00,1.0,6.0344921
18121451,18121451,GBCO,5.75,5.75,5.74,5.75,4193,2023-05-31 11:00:00,1.0,5.7774562
18121547,18121547,GBCO,5.74,5.74,5.7,5.73,189080,2023-05-31 11:05:00,1.0,5.7773701
18121664,18121664,GBCO,5.59,5.6,5.59,5.6,2904,2023-06-04 13:00:00,1.0,5.6417749
18122040,18122040,GBCO,5.34,5.35,5.32,5.32,89878,2023-06-08 13:25:00,1.0,5.3643081
18122121,18122121,GBCO,5.31,5.44,5.31,5.37,216183,2023-06-08 13:35:00,1.0,5.3671675
18122236,18122236,GBCO,5.7,5.71,5.7,5.71,26019,2023-06-12 11:05:00,1.0,5.7058627
18122346,18122346,GBCO,6.09,6.11,6.09,6.1,158113,2023-06-13 12:30:00,1.0,6.0356702
18128606,18128606,GBCO,5.59,5.6,5.59,5.59,21230,2023-06-04 13:05:00,1.0,5.6417211
18128723,18128723,GBCO,5.54,5.56,5.54,5.54,6242,2023-06-05 11:00:00,1.0,5.5451441
18128788,18128788,GBCO,5.36,5.37,5.35,5.37,12502,2023-06-08 12:45:00,1.0,5.3682722
18128855,18128855,GBCO,5.37,5.37,5.36,5.37,63328,2023-06-08 12:50:00,1.0,5.3677479
18129063,18129063,GBCO,5.69,5.7,5.67,5.69,203050,2023-06-12 11:30:00,1.0,5.7045471
18135472,18135472,GBCO,5.64,5.65,5.61,5.61,43929,2023-06-01 10:05:00,1.0,5.6467549
18135546,18135546,GBCO,5.56,5.56,5.54,5.55,219,2023-06-05 11:05:00,1.0,5.5452548
18136053,18136053,GBCO,6.1,6.1,6.08,6.08,113699,2023-06-13 13:50:00,1.0,6.0445559
18136737,18136737,GBCO,5.35,5.35,5.34,5.35,10289,2023-06-08 10:10:00,1.0,5.326258
18142171,18142171,GBCO,5.61,5.64,5.61,5.64,15618,2023-06-01 10:10:00,1.0,5.6311365
18142273,18142273,GBCO,5.44,5.47,5.42,5.47,26834,2023-06-06 10:05:00,1.0,5.44
18142410,18142410,GBCO,5.44,5.45,5.43,5.44,16147,2023-06-06 10:30:00,1.0,5.4399609
18148534,18148534,GBCO,5.61,5.62,5.6,5.62,24341,2023-06-01 11:00:00,1.0,5.6124244
18148736,18148736,GBCO,5.43,5.47,5.43,5.46,34407,2023-06-06 10:35:00,1.0,5.4361751
18154756,18154756,GBCO,5.62,5.64,5.62,5.64,1010,2023-06-01 11:15:00,1.0,5.6111204
18154861,18154861,GBCO,5.62,5.63,5.61,5.63,13404,2023-06-01 11:20:00,1.0,5.6115441
18161094,18161094,GBCO,5.58,5.6,5.58,5.6,14582,2023-06-01 11:40:00,1.0,5.6103189
18161240,18161240,GBCO,5.44,5.45,5.44,5.44,5589,2023-06-06 10:55:00,1.0,5.4391045
18167305,18167305,GBCO,5.62,5.62,5.6,5.6,11353,2023-06-01 12:35:00,1.0,5.601971
18167450,18167450,GBCO,5.44,5.45,5.44,5.45,1720,2023-06-06 11:00:00,1.0,5.4391149
18167529,18167529,GBCO,5.44,5.44,5.44,5.44,4351,2023-06-06 11:05:00,1.0,5.4391307
18173674,18173674,GBCO,5.43,5.47,5.42,5.42,36020,2023-06-06 11:15:00,1.0,5.4393778
18173730,18173730,GBCO,5.45,5.45,5.43,5.44,19756,2023-06-06 11:20:00,1.0,5.4391313
18179923,18179923,GBCO,5.47,5.48,5.45,5.45,18019,2023-06-06 11:30:00,1.0,5.4403612
18185935,18185935,GBCO,5.62,5.62,5.61,5.61,25581,2023-06-04 11:25:00,1.0,5.6266057
18186094,18186094,GBCO,5.45,5.46,5.44,5.46,17292,2023-06-06 12:00:00,1.0,5.445433
18186162,18186162,GBCO,5.45,5.46,5.45,5.45,26254,2023-06-06 12:10:00,1.0,5.4455982
18192292,18192292,GBCO,5.61,5.64,5.61,5.64,171231,2023-06-04 11:40:00,1.0,5.623945
18192409,18192409,GBCO,5.46,5.46,5.45,5.46,12035,2023-06-06 12:25:00,1.0,5.4463738
18193099,18193099,GBCO,5.63,5.63,5.62,5.62,12264,2023-06-11 12:40:00,1.0,5.4975444
18198533,18198533,GBCO,5.67,5.67,5.64,5.64,79688,2023-06-04 11:50:00,1.0,5.6286739
18198658,18198658,GBCO,5.46,5.46,5.45,5.45,2109,2023-06-06 12:30:00,1.0,5.4464088
18199292,18199292,GBCO,5.62,5.62,5.58,5.58,382092,2023-06-11 12:45:00,1.0,5.4995499
18199371,18199371,GBCO,5.59,5.59,5.57,5.58,55340,2023-06-11 12:50:00,1.0,5.4991406
18199452,18199452,GBCO,5.77,5.78,5.75,5.75,71705,2023-06-13 10:00:00,1.0,5.770922
18204871,18204871,GBCO,5.64,5.66,5.63,5.65,168167,2023-06-04 11:55:00,1.0,5.631224
18205638,18205638,GBCO,5.79,5.83,5.78,5.8,345717,2023-06-13 10:15:00,1.0,5.7738587
18218894,18218894,GBCO,5.66,5.67,5.65,5.66,126063,2023-06-04 12:00:00,1.0,5.6310497
18219010,18219010,GBCO,5.67,5.68,5.66,5.67,143206,2023-06-04 12:05:00,1.0,5.6357977
18219042,18219042,GBCO,5.41,5.41,5.41,5.41,46286,2023-06-05 14:25:00,1.0,5.507064
18219267,18219267,GBCO,5.36,5.38,5.35,5.36,52552,2023-06-08 10:45:00,1.0,5.3447781
18227548,18227548,GBCO,5.63,5.66,5.63,5.65,29690,2023-06-04 12:25:00,1.0,5.6488384
18227680,18227680,GBCO,5.44,5.45,5.42,5.45,178919,2023-06-06 10:25:00,1.0,5.4462613
18227850,18227850,GBCO,5.37,5.39,5.37,5.38,117,2023-06-08 11:35:00,1.0,5.3751742
18236127,18236127,GBCO,5.62,5.63,5.62,5.63,39111,2023-06-04 12:35:00,1.0,5.6486584
18236328,18236328,GBCO,5.45,5.45,5.44,5.45,63848,2023-06-06 11:10:00,1.0,5.4391402
18244533,18244533,GBCO,5.55,5.55,5.54,5.55,20415,2023-06-05 11:20:00,1.0,5.5451629
18244860,18244860,GBCO,5.37,5.37,5.35,5.35,23639,2023-06-08 13:00:00,1.0,5.3677254
18253085,18253085,GBCO,5.54,5.54,5.52,5.54,21265,2023-06-05 11:45:00,1.0,5.5446402
18253214,18253214,GBCO,5.47,5.48,5.47,5.48,29658,2023-06-06 11:50:00,1.0,5.4441102
18253277,18253277,GBCO,5.47,5.47,5.45,5.46,30382,2023-06-06 11:55:00,1.0,5.443705
18253442,18253442,GBCO,5.37,5.4,5.37,5.38,4731,2023-06-08 14:00:00,1.0,5.3661619
18261702,18261702,GBCO,5.52,5.54,5.5,5.51,41323,2023-06-05 12:00:00,1.0,5.5339554
18261994,18261994,GBCO,5.38,5.38,5.36,5.36,127363,2023-06-08 14:10:00,1.0,5.3669181
18270028,18270028,GBCO,5.64,5.64,5.63,5.64,6941,2023-06-01 10:15:00,1.0,5.6402151
18270192,18270192,GBCO,5.54,5.55,5.51,5.54,25706,2023-06-05 12:05:00,1.0,5.5339641
18270338,18270338,GBCO,5.45,5.46,5.44,5.45,48033,2023-06-06 12:45:00,1.0,5.4466348
18270500,18270500,GBCO,5.36,5.36,5.36,5.36,36687,2023-06-08 14:25:00,1.0,5.3666537
18278341,18278341,GBCO,5.61,5.63,5.6,5.61,11943,2023-06-01 10:35:00,1.0,5.6378142
18278488,18278488,GBCO,5.52,5.54,5.52,5.54,4201,2023-06-05 12:10:00,1.0,5.5338499
18278628,18278628,GBCO,5.46,5.46,5.44,5.44,32445,2023-06-06 12:55:00,1.0,5.4469512
18286729,18286729,GBCO,5.59,5.6,5.57,5.6,16049,2023-06-01 10:55:00,1.0,5.6118721
18286847,18286847,GBCO,5.54,5.54,5.52,5.52,11928,2023-06-05 12:15:00,1.0,5.5337781
18286963,18286963,GBCO,5.46,5.46,5.43,5.44,111214,2023-06-06 13:10:00,1.0,5.4470381
18287066,18287066,GBCO,5.42,5.43,5.41,5.42,157094,2023-06-06 13:25:00,1.0,5.4458547
18295170,18295170,GBCO,5.52,5.53,5.51,5.52,15802,2023-06-05 12:20:00,1.0,5.5331279
18295423,18295423,GBCO,5.42,5.42,5.4,5.41,49084,2023-06-06 13:45:00,1.0,5.4395419
18303378,18303378,GBCO,5.64,5.64,5.63,5.63,7340,2023-06-04 10:50:00,1.0,5.6327147
18303455,18303455,GBCO,5.53,5.55,5.53,5.53,25381,2023-06-05 12:25:00,1.0,5.5332383
18303556,18303556,GBCO,5.53,5.55,5.53,5.55,7458,2023-06-05 12:30:00,1.0,5.5332381
18303714,18303714,GBCO,5.4,5.4,5.4,5.4,47293,2023-06-06 14:00:00,1.0,5.4344968
18311760,18311760,GBCO,5.61,5.62,5.61,5.61,5163,2023-06-04 11:10:00,1.0,5.6282051
18311941,18311941,GBCO,5.53,5.53,5.5,5.51,368,2023-06-05 12:55:00,1.0,5.5322327
18320170,18320170,GBCO,5.61,5.62,5.61,5.61,14514,2023-06-04 11:15:00,1.0,5.6276269
18320251,18320251,GBCO,5.62,5.62,5.6,5.62,22142,2023-06-04 11:20:00,1.0,5.6274819
18320289,18320289,GBCO,5.52,5.52,5.51,5.52,5162,2023-06-05 13:10:00,1.0,5.5321778
18328561,18328561,GBCO,5.61,5.61,5.6,5.61,22121,2023-06-04 11:30:00,1.0,5.6263315
18328667,18328667,GBCO,5.46,5.48,5.46,5.46,5667,2023-06-05 13:55:00,1.0,5.5176914
18328769,18328769,GBCO,5.46,5.48,5.44,5.47,72295,2023-06-05 14:00:00,1.0,5.5173734
18336812,18336812,GBCO,5.6,5.62,5.59,5.62,55485,2023-06-04 11:35:00,1.0,5.6234612
18337064,18337064,GBCO,5.45,5.46,5.45,5.46,26056,2023-06-05 14:05:00,1.0,5.5160355
18337218,18337218,GBCO,5.38,5.38,5.38,5.38,2357,2023-06-07 14:05:00,1.0,5.4383555
18337219,18337219,GBCO,5.36,5.37,5.35,5.35,182276,2023-06-07 14:10:00,1.0,5.4384056
18346058,18346058,GBCO,5.72,5.75,5.72,5.75,6497,2023-05-31 10:55:00,1.0,5.7775928
18346287,18346287,GBCO,5.55,5.56,5.53,5.55,33652,2023-06-05 12:35:00,1.0,5.5328179
18346288,18346288,GBCO,5.53,5.55,5.53,5.55,24038,2023-06-05 12:40:00,1.0,5.532698
18346289,18346289,GBCO,5.53,5.56,5.5,5.56,155543,2023-06-05 12:45:00,1.0,5.5322646
18346612,18346612,GBCO,5.48,5.49,5.48,5.49,7914,2023-06-05 13:35:00,1.0,5.5272423
18346801,18346801,GBCO,5.4,5.4,5.39,5.4,67364,2023-06-06 14:05:00,1.0,5.4333075
18346903,18346903,GBCO,5.46,5.48,5.46,5.48,34390,2023-06-07 11:20:00,1.0,5.4713683
18347071,18347071,GBCO,5.47,5.47,5.45,5.45,2489,2023-06-07 12:35:00,1.0,5.4743513
18355038,18355038,GBCO,5.71,5.73,5.71,5.72,28881,2023-05-31 11:10:00,1.0,5.7701486
18355260,18355260,GBCO,5.64,5.64,5.61,5.63,12530,2023-06-01 10:25:00,1.0,5.6392676
18355389,18355389,GBCO,5.51,5.51,5.47,5.5,27485,2023-06-05 13:20:00,1.0,5.5296961
18355427,18355427,GBCO,5.45,5.5,5.44,5.44,124867,2023-06-05 13:45:00,1.0,5.5268041
18355970,18355970,GBCO,5.43,5.45,5.4,5.4,99216,2023-06-07 12:55:00,1.0,5.4737663
18356838,18356838,GBCO,5.65,5.67,5.63,5.67,330617,2023-06-12 10:00:00,1.0,5.65
18356937,18356937,GBCO,5.69,5.7,5.68,5.7,158321,2023-06-12 10:40:00,1.0,5.7075682
18364089,18364089,GBCO,5.72,5.73,5.69,5.69,280943,2023-05-31 11:15:00,1.0,5.7706895
18364516,18364516,GBCO,5.41,5.43,5.41,5.43,11766,2023-06-07 10:00:00,1.0,5.4256522
18364627,18364627,GBCO,5.48,5.49,5.47,5.47,21155,2023-06-07 11:45:00,1.0,5.4726698
18364708,18364708,GBCO,5.47,5.48,5.46,5.48,3131,2023-06-07 11:50:00,1.0,5.4726634
18364842,18364842,GBCO,5.41,5.42,5.41,5.41,5933,2023-06-07 13:05:00,1.0,5.4676813
18372607,18372607,GBCO,5.69,5.7,5.68,5.68,42114,2023-05-31 11:20:00,1.0,5.7599983
18372998,18372998,GBCO,5.46,5.46,5.46,5.46,526,2023-06-07 11:15:00,1.0,5.4714568
18373142,18373142,GBCO,5.48,5.48,5.47,5.47,22586,2023-06-07 12:10:00,1.0,5.4726816
18373202,18373202,GBCO,5.41,5.42,5.41,5.41,15725,2023-06-07 13:10:00,1.0,5.4677547
18381189,18381189,GBCO,5.72,5.72,5.7,5.7,101647,2023-05-31 11:30:00,1.0,5.7557621
18381353,18381353,GBCO,5.61,5.64,5.61,5.64,36625,2023-06-01 12:50:00,1.0,5.6050273
18381418,18381418,GBCO,5.47,5.5,5.47,5.5,102297,2023-06-07 12:15:00,1.0,5.4727007
18389557,18389557,GBCO,5.7,5.72,5.69,5.72,69763,2023-05-31 11:45:00,1.0,5.7492689
18389709,18389709,GBCO,5.62,5.64,5.62,5.62,1395,2023-06-01 13:05:00,1.0,5.6047199
18389773,18389773,GBCO,5.63,5.63,5.6,5.63,629,2023-06-01 13:15:00,1.0,5.606569
18397695,18397695,GBCO,5.72,5.72,5.69,5.7,16198,2023-05-31 11:50:00,1.0,5.7491129
18397791,18397791,GBCO,5.7,5.71,5.69,5.71,18396,2023-05-31 11:55:00,1.0,5.747572
18397945,18397945,GBCO,5.64,5.64,5.62,5.62,149395,2023-06-01 13:35:00,1.0,5.6066634
18398580,18398580,GBCO,5.86,6.1,5.85,6.05,5960659,2023-06-13 11:10:00,1.0,5.8377734
18398983,18398983,GBCO,5.44,5.5,5.43,5.5,133131,2023-06-11 10:05:00,1.0,5.3697389
18399112,18399112,GBCO,6.11,6.17,6.11,6.14,1201677,2023-06-13 13:10:00,1.0,6.0403364
18399322,18399322,GBCO,5.69,5.71,5.69,5.7,43678,2023-06-12 10:50:00,1.0,5.7074795
18407285,18407285,GBCO,5.8,5.8,5.77,5.78,358983,2023-06-12 11:50:00,1.0,5.7212418
18407422,18407422,GBCO,5.76,5.76,5.75,5.75,235680,2023-06-12 12:15:00,1.0,5.7282219
18407810,18407810,GBCO,5.69,5.72,5.69,5.72,40684,2023-06-12 10:55:00,1.0,5.7059107
18407901,18407901,GBCO,5.71,5.72,5.69,5.71,176971,2023-06-12 11:10:00,1.0,5.7059381
18407996,18407996,GBCO,5.7,5.72,5.68,5.68,606869,2023-06-12 11:15:00,1.0,5.705888
18415231,18415231,GBCO,5.73,5.74,5.71,5.73,6346,2023-05-31 12:10:00,1.0,5.7466641
18416040,18416040,GBCO,5.78,5.78,5.72,5.75,100668,2023-06-13 10:05:00,1.0,5.7622203
18416150,18416150,GBCO,5.79,5.82,5.78,5.82,168093,2023-06-13 10:25:00,1.0,5.7877011
18416817,18416817,GBCO,5.35,5.36,5.34,5.35,33436,2023-06-08 10:20:00,1.0,5.3330135
18423933,18423933,GBCO,5.74,5.76,5.73,5.75,116394,2023-05-31 12:30:00,1.0,5.7458027
18424085,18424085,GBCO,5.56,5.57,5.51,5.53,89016,2023-06-05 10:15:00,1.0,5.5566731
18424848,18424848,GBCO,5.35,5.38,5.34,5.38,16961,2023-06-08 10:25:00,1.0,5.3317829
18425090,18425090,GBCO,5.38,5.38,5.38,5.38,1000,2023-06-08 10:55:00,1.0,5.3712318
18425363,18425363,GBCO,5.34,5.34,5.33,5.33,60021,2023-06-08 12:10:00,1.0,5.3709405
18425485,18425485,GBCO,5.35,5.38,5.35,5.37,4919,2023-06-08 10:35:00,1.0,5.337093
18425554,18425554,GBCO,5.39,5.39,5.36,5.39,1846,2023-06-08 11:20:00,1.0,5.3751395
18425577,18425577,GBCO,5.37,5.39,5.37,5.37,921,2023-06-08 11:25:00,1.0,5.3751336
18425610,18425610,GBCO,5.39,5.39,5.37,5.39,115,2023-06-08 11:30:00,1.0,5.3751742
18432595,18432595,GBCO,5.7,5.79,5.7,5.78,287173,2023-05-31 10:00:00,1.0,5.7359858
18432651,18432651,GBCO,5.75,5.76,5.75,5.76,48503,2023-05-31 12:35:00,1.0,5.7459395
18432821,18432821,GBCO,5.56,5.56,5.54,5.56,51865,2023-06-05 10:20:00,1.0,5.5506945
18433151,18433151,GBCO,5.37,5.38,5.34,5.35,25131,2023-06-08 10:30:00,1.0,5.3375601
18433262,18433262,GBCO,5.37,5.38,5.36,5.36,27005,2023-06-08 10:40:00,1.0,5.3441736
18433374,18433374,GBCO,5.38,5.4,5.36,5.38,259127,2023-06-08 10:50:00,1.0,5.3467042
18433461,18433461,GBCO,5.39,5.39,5.37,5.37,1610,2023-06-08 11:40:00,1.0,5.3751791
18433595,18433595,GBCO,5.35,5.35,5.33,5.33,9241,2023-06-08 12:00:00,1.0,5.3711604
18433663,18433663,GBCO,5.35,5.35,5.33,5.35,3414,2023-06-08 12:15:00,1.0,5.3686302
18433722,18433722,GBCO,5.33,5.34,5.33,5.34,23,2023-06-08 12:20:00,1.0,5.3682276
18433959,18433959,GBCO,5.35,5.37,5.34,5.35,5768,2023-06-08 11:55:00,1.0,5.3734464
18434223,18434223,GBCO,5.37,5.38,5.36,5.36,35017,2023-06-08 12:35:00,1.0,5.3682359
18434404,18434404,GBCO,5.37,5.37,5.35,5.35,51340,2023-06-08 12:55:00,1.0,5.3677458
18434511,18434511,GBCO,5.34,5.35,5.34,5.34,9073,2023-06-08 13:20:00,1.0,5.3656552
18434569,18434569,GBCO,5.33,5.34,5.31,5.31,113719,2023-06-08 13:30:00,1.0,5.362624
18434703,18434703,GBCO,5.4,5.4,5.37,5.4,468,2023-06-08 13:50:00,1.0,5.3661634
18441684,18441684,GBCO,5.78,5.78,5.75,5.75,9776,2023-05-31 10:05:00,1.0,5.7613597
18441830,18441830,GBCO,5.73,5.73,5.72,5.72,26183,2023-05-31 12:50:00,1.0,5.7459567
18442284,18442284,GBCO,5.39,5.39,5.36,5.36,17935,2023-06-08 11:15:00,1.0,5.3752542
18442325,18442325,GBCO,5.33,5.33,5.33,5.33,11,2023-06-08 12:05:00,1.0,5.3709408
18442443,18442443,GBCO,5.34,5.37,5.34,5.36,53987,2023-06-08 12:25:00,1.0,5.3682281
18442530,18442530,GBCO,5.36,5.37,5.36,5.36,19749,2023-06-08 12:30:00,1.0,5.3677609
18442651,18442651,GBCO,5.37,5.37,5.36,5.36,877,2023-06-08 12:40:00,1.0,5.3682857
18442840,18442840,GBCO,5.35,5.36,5.35,5.35,17872,2023-06-08 13:05:00,1.0,5.3674828
18443112,18443112,GBCO,5.39,5.4,5.38,5.4,53300,2023-06-08 13:55:00,1.0,5.3661675
18443439,18443439,GBCO,5.48,5.49,5.47,5.48,71398,2023-06-11 10:15:00,1.0,5.3703001
18450865,18450865,GBCO,5.72,5.72,5.71,5.72,3601,2023-05-31 12:55:00,1.0,5.7458778
18451270,18451270,GBCO,5.34,5.34,5.33,5.33,31180,2023-06-08 13:10:00,1.0,5.3670115
18451396,18451396,GBCO,5.37,5.4,5.37,5.4,7511,2023-06-08 13:40:00,1.0,5.3682393
18451484,18451484,GBCO,5.37,5.4,5.37,5.37,25079,2023-06-08 13:45:00,1.0,5.3661732
18451597,18451597,GBCO,5.38,5.38,5.37,5.37,55786,2023-06-08 14:05:00,1.0,5.3663074
18451786,18451786,GBCO,5.47,5.47,5.44,5.44,11351,2023-06-11 10:00:00,1.0,5.366772
18452402,18452402,GBCO,5.49,5.51,5.49,5.51,11941,2023-06-11 12:05:00,1.0,5.4345182
18459826,18459826,GBCO,5.76,5.81,5.76,5.8,502376,2023-05-31 10:20:00,1.0,5.7714181
18459925,18459925,GBCO,5.78,5.81,5.78,5.78,122244,2023-05-31 10:25:00,1.0,5.7783963
18460127,18460127,GBCO,5.53,5.54,5.53,5.54,21212,2023-06-05 11:35:00,1.0,5.544701
18460777,18460777,GBCO,5.46,5.47,5.46,5.47,24967,2023-06-11 10:30:00,1.0,5.3839512
18460778,18460778,GBCO,5.47,5.48,5.46,5.46,12143,2023-06-11 10:35:00,1.0,5.3848769
18460779,18460779,GBCO,5.46,5.47,5.45,5.47,16953,2023-06-11 10:40:00,1.0,5.386318
18460780,18460780,GBCO,5.47,5.48,5.47,5.47,36161,2023-06-11 10:45:00,1.0,5.3902597
18460781,18460781,GBCO,5.46,5.47,5.46,5.47,3200,2023-06-11 10:50:00,1.0,5.3865233
18460782,18460782,GBCO,5.47,5.5,5.47,5.5,274801,2023-06-11 10:55:00,1.0,5.3929859
18460783,18460783,GBCO,5.5,5.54,5.5,5.53,419184,2023-06-11 11:00:00,1.0,5.4012971
18460784,18460784,GBCO,5.54,5.55,5.51,5.53,152559,2023-06-11 11:05:00,1.0,5.4168769
18460785,18460785,GBCO,5.53,5.55,5.53,5.53,156610,2023-06-11 11:10:00,1.0,5.4159823
18460786,18460786,GBCO,5.53,5.54,5.52,5.53,105005,2023-06-11 11:15:00,1.0,5.4315793
18460787,18460787,GBCO,5.53,5.54,5.52,5.52,20996,2023-06-11 11:20:00,1.0,5.4308167
18460788,18460788,GBCO,5.52,5.53,5.49,5.49,272496,2023-06-11 11:25:00,1.0,5.4274023
18460789,18460789,GBCO,5.5,5.51,5.49,5.5,32561,2023-06-11 11:30:00,1.0,5.4325372
18460790,18460790,GBCO,5.5,5.51,5.5,5.5,18293,2023-06-11 11:35:00,1.0,5.431951
18460791,18460791,GBCO,5.5,5.52,5.5,5.5,11476,2023-06-11 11:40:00,1.0,5.433243
18460792,18460792,GBCO,5.51,5.51,5.5,5.51,11562,2023-06-11 11:45:00,1.0,5.4332739
18460793,18460793,GBCO,5.5,5.5,5.5,5.5,15288,2023-06-11 11:50:00,1.0,5.4329428
18460794,18460794,GBCO,5.49,5.51,5.49,5.51,3043,2023-06-11 11:55:00,1.0,5.4332401
18460795,18460795,GBCO,5.51,5.51,5.49,5.49,85836,2023-06-11 12:00:00,1.0,5.4345892
18461228,18461228,GBCO,5.63,5.64,5.61,5.61,370341,2023-06-11 12:30:00,1.0,5.4893416
18461533,18461533,GBCO,5.6,5.6,5.56,5.56,166419,2023-06-11 13:30:00,1.0,5.5081949
18461881,18461881,GBCO,5.69,5.7,5.69,5.69,32372,2023-06-12 11:25:00,1.0,5.7051991
18468977,18468977,GBCO,5.77,5.78,5.76,5.77,24853,2023-05-31 10:35:00,1.0,5.7812261
18469153,18469153,GBCO,5.52,5.54,5.5,5.54,85512,2023-06-05 11:50:00,1.0,5.5345391
18469714,18469714,GBCO,5.58,5.59,5.56,5.57,22647,2023-06-11 13:05:00,1.0,5.5053303
18469835,18469835,GBCO,5.59,5.6,5.57,5.6,224888,2023-06-11 13:20:00,1.0,5.5066073
18469897,18469897,GBCO,5.6,5.61,5.59,5.59,361926,2023-06-11 13:25:00,1.0,5.5105873
18470015,18470015,GBCO,5.59,5.6,5.59,5.6,69592,2023-06-11 13:45:00,1.0,5.514616
18470104,18470104,GBCO,5.68,5.71,5.67,5.7,342742,2023-06-12 10:15:00,1.0,5.6564872
18470251,18470251,GBCO,5.82,5.82,5.79,5.81,157873,2023-06-13 10:30:00,1.0,5.7903089
18470430,18470430,GBCO,5.8,5.87,5.8,5.87,790938,2023-06-13 10:50:00,1.0,5.7964444
18470708,18470708,GBCO,6.12,6.12,6.1,6.11,2879,2023-06-13 13:35:00,1.0,6.0441122
18478061,18478061,GBCO,5.68,5.68,5.66,5.67,106304,2023-05-31 13:45:00,1.0,5.7369343
18478113,18478113,GBCO,5.67,5.68,5.65,5.66,87075,2023-05-31 13:50:00,1.0,5.7352735
18478365,18478365,GBCO,5.59,5.62,5.59,5.61,163294,2023-06-11 13:50:00,1.0,5.5160012
18478438,18478438,GBCO,5.6,5.6,5.58,5.59,123077,2023-06-11 13:55:00,1.0,5.5160276
18478673,18478673,GBCO,6.1,6.11,6.1,6.1,42595,2023-06-13 14:05:00,1.0,6.044983
18478951,18478951,GBCO,5.46,5.46,5.41,5.41,203284,2023-06-05 14:10:00,1.0,5.5154361
18498652,18498652,GBCO,5.79,5.79,5.77,5.77,101499,2023-05-31 10:30:00,1.0,5.7813601
18498814,18498814,GBCO,5.73,5.73,5.72,5.73,11039,2023-05-31 12:25:00,1.0,5.7458494
18507634,18507634,GBCO,5.62,5.62,5.6,5.61,36473,2023-06-01 13:10:00,1.0,5.6065712
18507718,18507718,GBCO,5.62,5.63,5.61,5.61,80143,2023-06-01 13:40:00,1.0,5.6112635
18507806,18507806,GBCO,5.61,5.61,5.58,5.58,61769,2023-06-01 13:45:00,1.0,5.6091295
18507862,18507862,GBCO,5.6,5.6,5.58,5.58,33536,2023-06-01 14:00:00,1.0,5.6116399
18507936,18507936,GBCO,5.58,5.59,5.58,5.58,29558,2023-06-01 14:05:00,1.0,5.6118455
18508079,18508079,GBCO,5.63,5.66,5.63,5.66,202492,2023-06-04 11:45:00,1.0,5.6239267
18508236,18508236,GBCO,5.62,5.64,5.61,5.62,17809,2023-06-04 10:00:00,1.0,5.6204003
18508237,18508237,GBCO,5.63,5.65,5.63,5.65,13706,2023-06-04 10:05:00,1.0,5.6335698
18508238,18508238,GBCO,5.64,5.65,5.63,5.63,68484,2023-06-04 10:10:00,1.0,5.6345317
18508239,18508239,GBCO,5.63,5.64,5.62,5.64,61209,2023-06-04 10:15:00,1.0,5.6366215
18508240,18508240,GBCO,5.63,5.65,5.63,5.63,51908,2023-06-04 10:20:00,1.0,5.6328949
18508241,18508241,GBCO,5.63,5.64,5.63,5.64,6594,2023-06-04 10:25:00,1.0,5.6329312
18508242,18508242,GBCO,5.63,5.64,5.62,5.64,26149,2023-06-04 10:30:00,1.0,5.6327393
18508243,18508243,GBCO,5.64,5.64,5.63,5.63,14223,2023-06-04 10:35:00,1.0,5.6327435
18516597,18516597,GBCO,5.55,5.55,5.53,5.55,12490,2023-06-05 10:45:00,1.0,5.5479013
18516679,18516679,GBCO,5.55,5.55,5.53,5.54,75504,2023-06-05 10:50:00,1.0,5.546993
18516779,18516779,GBCO,5.54,5.55,5.53,5.55,86390,2023-06-05 10:55:00,1.0,5.5466925
18516898,18516898,GBCO,5.55,5.55,5.53,5.54,32969,2023-06-05 11:10:00,1.0,5.5452619
18517159,18517159,GBCO,5.63,5.63,5.62,5.62,16332,2023-06-04 12:45:00,1.0,5.647748
18517368,18517368,GBCO,5.62,5.62,5.58,5.58,107178,2023-06-04 13:35:00,1.0,5.6403991
18517378,18517378,GBCO,5.55,5.55,5.52,5.53,264541,2023-06-04 13:55:00,1.0,5.6245897
18525738,18525738,GBCO,5.54,5.54,5.5,5.54,170,2023-06-05 12:50:00,1.0,5.532235
18525959,18525959,GBCO,5.51,5.53,5.51,5.52,1299,2023-06-05 13:00:00,1.0,5.532227
18526025,18526025,GBCO,5.52,5.52,5.51,5.51,18330,2023-06-05 13:05:00,1.0,5.532219
18526158,18526158,GBCO,5.52,5.52,5.5,5.5,156783,2023-06-05 13:15:00,1.0,5.5298601
18526437,18526437,GBCO,5.42,5.42,5.42,5.42,11675,2023-06-06 10:00:00,1.0,5.42
18526483,18526483,GBCO,5.47,5.47,5.45,5.46,25260,2023-06-06 10:10:00,1.0,5.4320349
18526643,18526643,GBCO,5.46,5.47,5.44,5.46,44001,2023-06-06 10:15:00,1.0,5.4426678
18526770,18526770,GBCO,5.45,5.46,5.44,5.44,40681,2023-06-06 10:20:00,1.0,5.4454261
18534689,18534689,GBCO,5.47,5.47,5.44,5.45,61012,2023-06-06 10:40:00,1.0,5.4386158
18534751,18534751,GBCO,5.46,5.46,5.43,5.43,47388,2023-06-06 10:45:00,1.0,5.4383119
18534834,18534834,GBCO,5.43,5.44,5.43,5.43,6550,2023-06-06 10:50:00,1.0,5.4390997
18535108,18535108,GBCO,5.47,5.48,5.46,5.48,21030,2023-06-06 11:40:00,1.0,5.4429177
18535200,18535200,GBCO,5.46,5.48,5.46,5.46,26495,2023-06-06 11:45:00,1.0,5.4421989
18535381,18535381,GBCO,5.46,5.46,5.45,5.45,479,2023-06-06 12:05:00,1.0,5.4451587
18535542,18535542,GBCO,5.45,5.46,5.44,5.46,28500,2023-06-06 12:15:00,1.0,5.4459866
18535617,18535617,GBCO,5.46,5.46,5.45,5.45,29003,2023-06-06 12:20:00,1.0,5.446248
18535842,18535842,GBCO,5.45,5.47,5.45,5.45,31912,2023-06-06 12:40:00,1.0,5.4465539
18543804,18543804,GBCO,5.62,5.62,5.61,5.61,1127,2023-06-01 11:30:00,1.0,5.6116884
18543851,18543851,GBCO,5.6,5.6,5.57,5.58,15683,2023-06-01 11:45:00,1.0,5.6098677
18543969,18543969,GBCO,5.58,5.59,5.56,5.58,51789,2023-06-01 11:55:00,1.0,5.6075962
18544092,18544092,GBCO,5.61,5.62,5.61,5.61,6165,2023-06-01 12:20:00,1.0,5.6023748
18552639,18552639,GBCO,5.73,5.74,5.72,5.74,19944,2023-05-31 12:45:00,1.0,5.7459328
18591188,18591188,GBCO,5.71,5.71,5.69,5.7,30008,2023-05-31 12:00:00,1.0,5.747459
18591513,18591513,GBCO,5.63,5.63,5.61,5.62,9137,2023-06-01 13:20:00,1.0,5.6065429
18599451,18599451,GBCO,5.76,5.76,5.71,5.74,59199,2023-05-31 10:45:00,1.0,5.7809129
18599642,18599642,GBCO,5.74,5.74,5.73,5.73,501,2023-05-31 12:15:00,1.0,5.74598
18599845,18599845,GBCO,5.72,5.72,5.71,5.72,3111,2023-05-31 13:00:00,1.0,5.7460117
18599956,18599956,GBCO,5.71,5.72,5.71,5.72,76168,2023-05-31 13:05:00,1.0,5.7456495
18600023,18600023,GBCO,5.72,5.74,5.72,5.74,15190,2023-05-31 13:10:00,1.0,5.7457328
18600156,18600156,GBCO,5.69,5.69,5.68,5.69,94703,2023-05-31 13:30:00,1.0,5.7404645
18600296,18600296,GBCO,5.69,5.69,5.68,5.69,8814,2023-05-31 13:35:00,1.0,5.7405384
18600427,18600427,GBCO,5.69,5.69,5.66,5.67,82596,2023-05-31 13:40:00,1.0,5.7387134
18600481,18600481,GBCO,5.63,5.65,5.63,5.64,27215,2023-06-01 10:00:00,1.0,5.6301835
18600769,18600769,GBCO,5.62,5.63,5.59,5.63,38426,2023-06-01 10:30:00,1.0,5.6368347
18607979,18607979,GBCO,5.68,5.72,5.68,5.7,90377,2023-05-31 11:25:00,1.0,5.7583993
18608110,18608110,GBCO,5.73,5.73,5.71,5.73,20800,2023-05-31 12:20:00,1.0,5.745976
18608485,18608485,GBCO,5.64,5.64,5.63,5.63,7434,2023-06-01 10:20:00,1.0,5.6402095
18608780,18608780,GBCO,5.6,5.62,5.59,5.6,22426,2023-06-01 10:40:00,1.0,5.6276852
18608849,18608849,GBCO,5.6,5.6,5.57,5.58,75969,2023-06-01 10:45:00,1.0,5.6275059
18609030,18609030,GBCO,5.59,5.6,5.58,5.6,15694,2023-06-01 12:05:00,1.0,5.6040623
18609212,18609212,GBCO,5.62,5.62,5.6,5.62,70148,2023-06-01 12:25:00,1.0,5.6024419
18609286,18609286,GBCO,5.62,5.64,5.62,5.62,17370,2023-06-01 12:45:00,1.0,5.6047231
18609625,18609625,GBCO,5.61,5.61,5.58,5.6,27303,2023-06-01 13:50:00,1.0,5.6090077
18616918,18616918,GBCO,5.6,5.6,5.58,5.59,242,2023-06-01 12:10:00,1.0,5.6040622
18617106,18617106,GBCO,5.6,5.62,5.6,5.62,3549,2023-06-01 12:30:00,1.0,5.6025851
18617184,18617184,GBCO,5.64,5.64,5.61,5.61,15003,2023-06-01 12:55:00,1.0,5.6047688
18617312,18617312,GBCO,5.62,5.64,5.62,5.64,65695,2023-06-01 13:30:00,1.0,5.6076879
18617547,18617547,GBCO,5.59,5.59,5.58,5.59,1801,2023-06-01 13:55:00,1.0,5.6091393
18617727,18617727,GBCO,5.62,5.62,5.61,5.61,78253,2023-06-04 11:05:00,1.0,5.631972
18618395,18618395,GBCO,5.63,5.64,5.63,5.64,17031,2023-06-04 10:45:00,1.0,5.6326301
18618611,18618611,GBCO,5.63,5.64,5.62,5.63,33599,2023-06-04 12:20:00,1.0,5.649232
18618678,18618678,GBCO,5.6,5.63,5.6,5.63,18092,2023-06-04 13:10:00,1.0,5.6412124
18618771,18618771,GBCO,5.6,5.62,5.6,5.61,359,2023-06-04 13:25:00,1.0,5.6408702
18618928,18618928,GBCO,5.5,5.53,5.5,5.53,101225,2023-06-04 14:05:00,1.0,5.6096698
18619202,18619202,GBCO,5.56,5.57,5.55,5.55,77214,2023-06-05 10:00:00,1.0,5.56
18626326,18626326,GBCO,5.54,5.55,5.5,5.5,272779,2023-06-04 14:00:00,1.0,5.6255713
18626654,18626654,GBCO,5.56,5.57,5.55,5.55,78968,2023-06-05 10:05:00,1.0,5.5586765
18627057,18627057,GBCO,5.55,5.57,5.55,5.57,57590,2023-06-05 10:30:00,1.0,5.5517806
18627167,18627167,GBCO,5.55,5.56,5.52,5.54,103349,2023-06-05 10:35:00,1.0,5.5515621
18627582,18627582,GBCO,5.54,5.55,5.53,5.54,30162,2023-06-05 10:40:00,1.0,5.5484832
18627590,18627590,GBCO,5.54,5.54,5.53,5.53,5968,2023-06-05 11:30:00,1.0,5.5449525
18627661,18627661,GBCO,5.54,5.55,5.5,5.5,323779,2023-06-05 11:40:00,1.0,5.5446979
18627855,18627855,GBCO,5.54,5.54,5.51,5.52,2567,2023-06-05 11:55:00,1.0,5.535784
18628154,18628154,GBCO,5.63,5.64,5.62,5.63,5556,2023-06-04 12:40:00,1.0,5.6477521
18628235,18628235,GBCO,5.63,5.63,5.6,5.62,14395,2023-06-04 13:20:00,1.0,5.6410903
18632940,18632940,GBCO,5.75,5.8,5.75,5.75,587563,2023-06-12 12:00:00,1.0,5.7234234
18633385,18633385,GBCO,5.63,5.64,5.63,5.63,1958,2023-06-04 10:55:00,1.0,5.6324725
18635087,18635087,GBCO,5.63,5.63,5.62,5.62,20681,2023-06-01 13:25:00,1.0,5.6065742
18635695,18635695,GBCO,5.78,5.79,5.75,5.76,704861,2023-06-12 11:55:00,1.0,5.7213748
18637927,18637927,GBCO,5.75,5.76,5.74,5.76,35325,2023-05-31 10:10:00,1.0,5.7614483
18639141,18639141,GBCO,5.45,5.45,5.44,5.44,12095,2023-06-06 13:00:00,1.0,5.4470774
18639232,18639232,GBCO,5.45,5.46,5.44,5.45,17676,2023-06-06 13:05:00,1.0,5.447046
18640892,18640892,GBCO,5.58,5.6,5.57,5.57,159785,2023-06-01 14:10:00,1.0,5.6116475
18641042,18641042,GBCO,5.39,5.4,5.39,5.4,23066,2023-06-06 14:10:00,1.0,5.4332013
18643480,18643480,GBCO,5.7,5.7,5.69,5.7,70263,2023-05-31 11:35:00,1.0,5.7538659
18643583,18643583,GBCO,5.59,5.59,5.59,5.59,66088,2023-06-01 14:25:00,1.0,5.6107812
18644484,18644484,GBCO,5.34,5.35,5.34,5.35,15975,2023-06-08 10:15:00,1.0,5.3279754
18646054,18646054,GBCO,5.7,5.7,5.69,5.69,112354,2023-05-31 11:40:00,1.0,5.7549382
18646214,18646214,GBCO,5.63,5.63,5.62,5.63,40494,2023-06-04 11:00:00,1.0,5.6324172
18647206,18647206,GBCO,5.8,5.83,5.8,5.8,136324,2023-06-13 10:20:00,1.0,5.7798094
18648652,18648652,GBCO,5.69,5.73,5.69,5.7,59208,2023-05-31 12:05:00,1.0,5.746566
18648775,18648775,GBCO,5.68,5.7,5.67,5.68,393094,2023-06-04 12:10:00,1.0,5.6429362
18648863,18648863,GBCO,5.68,5.68,5.63,5.63,118068,2023-06-04 12:15:00,1.0,5.648624
18649396,18649396,GBCO,5.61,5.62,5.61,5.61,55426,2023-06-04 13:30:00,1.0,5.6404354
18651155,18651155,GBCO,5.75,5.75,5.73,5.74,62831,2023-05-31 12:40:00,1.0,5.7460427
18651281,18651281,GBCO,5.72,5.72,5.68,5.69,306971,2023-05-31 13:20:00,1.0,5.7446177
18651418,18651418,GBCO,5.63,5.63,5.59,5.59,287884,2023-06-04 12:50:00,1.0,5.6467236
18651497,18651497,GBCO,5.39,5.39,5.37,5.39,72532,2023-06-08 11:05:00,1.0,5.3728891
18651577,18651577,GBCO,5.38,5.39,5.38,5.39,11740,2023-06-08 11:10:00,1.0,5.3749351
18652322,18652322,GBCO,5.8,5.81,5.8,5.8,366886,2023-06-13 10:45:00,1.0,5.7959746
18653824,18653824,GBCO,5.69,5.69,5.68,5.68,9180,2023-05-31 13:25:00,1.0,5.7406791
18653958,18653958,GBCO,5.59,5.6,5.58,5.6,53796,2023-06-04 12:55:00,1.0,5.6424284
18654112,18654112,GBCO,5.35,5.37,5.33,5.35,72345,2023-06-08 11:50:00,1.0,5.3751757
18656209,18656209,GBCO,5.65,5.65,5.63,5.64,28996,2023-05-31 14:00:00,1.0,5.7334737
18656344,18656344,GBCO,5.63,5.63,5.6,5.6,289,2023-06-04 13:15:00,1.0,5.6410909
18656996,18656996,GBCO,6.16,6.16,6.06,6.06,1068067,2023-06-13 11:20:00,1.0,5.9638805
18658540,18658540,GBCO,5.58,5.6,5.58,5.6,12771,2023-06-01 10:50:00,1.0,5.6144876
18658628,18658628,GBCO,5.58,5.59,5.57,5.59,77296,2023-06-04 13:40:00,1.0,5.6402631
18658709,18658709,GBCO,5.58,5.58,5.57,5.57,36451,2023-06-04 13:45:00,1.0,5.6372271
18659148,18659148,GBCO,5.76,5.79,5.74,5.79,315671,2023-05-31 10:15:00,1.0,5.7598489
18659226,18659226,GBCO,6.15,6.18,6.07,6.07,2968365,2023-06-13 11:35:00,1.0,6.0023928
18659309,18659309,GBCO,6.07,6.1,6.06,6.08,430600,2023-06-13 11:45:00,1.0,6.0173603
18660859,18660859,GBCO,5.57,5.58,5.55,5.55,453914,2023-06-04 13:50:00,1.0,5.6297732
18661465,18661465,GBCO,6.11,6.14,6.11,6.11,42692,2023-06-13 13:25:00,1.0,6.0440909
18662838,18662838,GBCO,5.63,5.63,5.62,5.62,16407,2023-06-01 11:10:00,1.0,5.6105544
18663047,18663047,GBCO,5.52,5.53,5.51,5.53,117311,2023-06-04 14:10:00,1.0,5.6079601
18663418,18663418,GBCO,5.78,5.78,5.75,5.75,28177,2023-05-31 10:40:00,1.0,5.7812144
18663528,18663528,GBCO,5.72,5.75,5.72,5.74,28007,2023-05-31 10:50:00,1.0,5.7804673
18663593,18663593,GBCO,6.1,6.11,6.09,6.09,94107,2023-06-13 13:40:00,1.0,6.0443042
18663670,18663670,GBCO,6.08,6.11,6.08,6.1,49564,2023-06-13 13:45:00,1.0,6.0443196
18665059,18665059,GBCO,5.63,5.63,5.61,5.61,5749,2023-06-01 11:25:00,1.0,5.6116375
18665255,18665255,GBCO,5.56,5.56,5.54,5.56,11157,2023-06-05 10:10:00,1.0,5.559103
18665829,18665829,GBCO,6.08,6.09,6.07,6.09,280564,2023-06-13 13:55:00,1.0,6.0448142
18667268,18667268,GBCO,5.59,5.59,5.57,5.57,5647,2023-06-01 11:50:00,1.0,5.6091254
18667775,18667775,GBCO,5.74,5.74,5.72,5.72,63597,2023-05-31 13:15:00,1.0,5.7448089
18667866,18667866,GBCO,5.67,5.67,5.63,5.63,28310,2023-05-31 13:55:00,1.0,5.7340011
18669272,18669272,GBCO,5.58,5.59,5.58,5.59,25710,2023-06-01 12:00:00,1.0,5.6032403
18669523,18669523,GBCO,5.5,5.5,5.48,5.5,75475,2023-06-05 13:25:00,1.0,5.5298632
18669925,18669925,GBCO,5.63,5.64,5.63,5.63,21412,2023-06-04 10:40:00,1.0,5.6327423
18671382,18671382,GBCO,5.61,5.64,5.61,5.64,283,2023-06-01 13:00:00,1.0,5.6047176
18671527,18671527,GBCO,5.49,5.5,5.48,5.48,11957,2023-06-05 13:30:00,1.0,5.5273909
